category_id,category_name,category_desc,create_time,update_time,create_id,update_id
1,传统手工技艺,各类原材料古法手工造物加工工艺，【详情】传统手工技艺是我国非遗体量最大门类，依托天然原料纯手工制作、师徒口传心授代代传承，细分陶瓷烧造、木雕石刻、四大刺绣、古法制茶、漆器髹饰、竹藤编织、金属锻錾、锡器打造、剪纸泥塑、古法造纸、制墨制笔、草木染织上百个子类。技艺根植古代农耕与手工业生产，多数无标准化机器生产替代，每件成品依靠匠人常年实操积累手感，广泛应用于日用器皿、服饰、建筑装饰、民俗摆件，是中华传统手工业文明活态遗存，全国各地依托本土物产演化出地域特色手艺。,2026/1/2 8:20,2026/1/3 9:10,1,1
2,传统戏曲,各地地方戏、舞台表演类综合戏曲艺术，【详情】传统戏曲集合唱腔、身段、脸谱、器乐、服饰、剧目于一体，包含昆曲、京剧、越剧、黄梅戏、川剧、秦腔、河北梆子等数十个剧种。昆曲被誉为百戏之祖，成型于元末昆山；京剧融合徽汉二腔成为国粹；南方戏曲唱腔婉转细腻，北方梆子腔高亢雄浑，各剧种拥有专属行当划分、程式化表演范式与经典传统剧目。表演依托戏台、庙会、剧场开展，古时是民间主要文娱形式，如今依靠专业院团、民间戏班、非遗传承人进校园等方式活态保护传承。,2026/1/2 8:25,2026/1/4 10:32,1,1
3,傀儡表演艺术,皮影、木偶等光影人偶表演非遗，【详情】傀儡表演分皮影戏与木偶戏两大分支，皮影以牛羊皮雕镂影人，依托灯光隔幕投影搭配本土唱腔演出，国内分为唐山皮影、陕西皮影、江汉皮影三大主流流派；木偶细分为提线木偶、杖头木偶、布袋木偶，福建泉州提线木偶、扬州布袋木偶是国家级代表性项目。旧时乡村庙会、祈福祭祀、节庆集市随处可见傀儡演出，剧目大多取材神话传说、历史演义，是古代底层百姓重要休闲文化。,2026/1/3 9:05,2026/1/5 14:21,1,1
4,岁时节令民俗,二十四节气衍生传统节庆风俗，【详情】囊括春节、元宵、清明、端午、七夕、中秋、重阳、祭灶八大传统节日，每个节日配套固定饮食、祭祀、文娱、礼仪习俗。春节贯穿腊月小年至正月十五，贴春联、守岁、年夜饭、拜年逛庙会；端午包粽子、赛龙舟、悬艾草佩香囊；中秋赏月祭月、制作各式月饼；清明扫墓踏青、吃青团。南北地域、少数民族在习俗细节上各有演变差异，整套节庆体系承载中国人团圆、祈福、追思的精神诉求，部分节日列入人类非物质文化遗产代表作名录。,2026/1/3 9:12,2026/1/6 11:05,1,1
5,人生礼仪民俗,诞生、婚嫁、丧葬全流程传统礼制习俗，【详情】包含诞生礼、婚嫁礼、丧葬礼三大板块，诞生礼涵盖报喜、满月宴、剃胎发、周岁抓周；传统婚嫁遵循三书六礼古制，纳采、问名、纳吉、纳征、请期、亲迎流程完整，各地婚嫁服饰、婚宴、迎娶仪式各具地域特色；丧葬礼仪包含入殓、守灵、出殡、下葬、祭七等整套流程，融合宗族祭祖、风水民俗、孝道文化。礼仪民俗扎根宗法社会，是华夏家风与宗族文化的具象体现。,2026/1/4 10:18,2026/1/7 15:40,1,1
6,民间神话传说,上古创世与山水风物口头文学，【详情】分为上古创世神话与地方风物传说，神话以盘古开天、女娲补天、大禹治水、精卫填海等远古故事为主，记录先民对天地起源、自然现象的原始认知；风物传说依附名山、河湖、古寺、地标诞生，例如西湖白蛇传、崂山神仙传说、各地山神河伯故事。全部依靠口头代代讲述传承，无固定书面原稿，在流传过程中不断被当地人增补改编，是民间文学的源头。,2026/1/4 10:29,2026/1/8 8:55,1,1
7,英雄史诗,少数民族长篇口头说唱史诗，【详情】以藏族《格萨尔》、柯尔克孜族《玛纳斯》、蒙古族《江格尔》三大世界级史诗为核心，全部依靠民间说唱艺人记忆全篇、口头传唱，动辄几十万行篇幅，内容包含民族征战、英雄历险、部族民俗、远古历史。艺人搭配马头琴、藏式弹拨等乐器伴奏表演，多在民族节庆、那达慕、牧区集会演出，是游牧民族千年历史与精神文化的活载体。,2026/1/5 11:06,2026/1/9 13:17,1,1
8,民间短篇口头文学,童话、谚语、歌谣等小型民间文艺，【详情】包含民间童话、农事谚语、山野歌谣三类，民间童话多以小动物、神仙助人为主线，用于孩童启蒙教育；农谚凝练古人节气、气象、农耕生产经验，指导春耕秋收；民间歌谣诞生于田间劳作，采茶调、插秧歌、渔歌均是劳动者即兴创作，依托方言传唱，地域不同曲调、歌词差异明显，遍布全国乡村。,2026/1/5 11:15,2026/1/10 16:22,1,1
9,鼓舞类民俗舞蹈,节庆集体锣鼓伴奏民俗舞蹈，【详情】代表项目安塞腰鼓、各地秧歌舞，依靠锣鼓伴奏集体起舞，安塞腰鼓源自陕北黄土高原，动作粗犷奔放、跳跃击鼓，是陕北春节、婚嫁、丰收庆典标配；东北秧歌、山东秧歌手持彩绸、手绢、彩扇，踩高跷沿街巡游表演。舞蹈起源古代祭祀、祈福仪式，如今广泛用于乡村文旅汇演、民俗节庆展演。,2026/1/6 13:22,2026/1/11 9:38,1,1
10,瑞兽传统舞艺,南北舞龙、舞狮民俗表演技艺，【详情】瑞兽传统舞艺分为舞龙与舞狮两大体系，是我国年节庆典、祈福纳祥的核心民俗表演。舞龙包括草龙、布龙、火龙、竹龙等多种样式，龙身由竹篾扎骨、彩布糊面，少则数米、多则百米，需多人配合舞动，模仿龙出水、翻滚、盘旋等动作。元宵、春节等时节，舞龙队伍穿行村镇街道，沿途燃放鞭炮迎接，寓意驱邪避灾、风调雨顺。舞狮分化南狮与北狮：南狮以广东佛山为代表，注重神态威武，擅长高桩采青 —— 舞狮者攀爬数米高的梅花桩取下悬挂的生菜，动作惊险刺激；北狮以河北、北京一带为典型，侧重翻滚跳跃、绣球逗狮等杂耍式表演，风格俏皮活泼。狮子头扎制本身也是一门传统手工技艺，以竹篾搭骨架、多层纱布裱糊、再彩绘上色，狮头重量需控制精准以利舞动。开业庆典、年节庙会、婚庆喜事中，锣鼓一响、瑞兽起舞，既是民间艺术的高光时刻，也是中华民俗的生命力象征。,2026/1/6 13:35,2026/1/12 10:14,1,1
11,祭祀傩舞,上古巫傩传承面具祭祀舞蹈，【详情】祭祀傩舞源自上古时期驱邪逐疫、祈福纳吉的巫傩文化，是华夏原始舞蹈的活态遗存。傩舞的核心特征是佩戴手工雕刻的木质傩面，傩面造型包括傩公、傩母、开山、二郎神、钟馗等，或威严、或狰狞、或诙谐，每张面具都被视为神灵的化身。舞蹈时配合铜鼓、牛角号、锣镲等原始乐器的节奏，舞者跳跃旋转，动作粗犷有力，具有强烈的宗教祭祀色彩。古时傩舞多在村寨年关、疫病流行时举行，用于驱瘟扫邪、祈求宗族平安。江西萍乡、湖南湘西、安徽贵池、贵州黔东南等地至今保留着完整的活态传承，每年正月或秋收后，各村寨仍会举行 “跳傩” 仪式。如今，祭祀傩舞已从山林村寨走向城市舞台，在非遗展演、民俗庙会、文化博览会中频频亮相。表演者头戴傩面、身披彩衣，伴随着古朴的唱腔与鼓点起舞，向观众展示上古先民对天地的敬畏与对平安的渴求。傩面的雕刻工艺、祭祀仪轨的完整保存以及舞步的世代口传，使其成为中国原始舞蹈文化的活化石，也是研究古代宗教信仰与民俗生活的重要窗口。,2026/1/7 14:08,2026/1/13 14:52,1,1
12,少数民族圈舞,藏族锅庄等围圈集体民俗舞蹈，【详情】少数民族圈舞是以藏族锅庄舞为核心代表的围成圆圈、载歌载舞的集体民俗舞蹈形式。锅庄舞藏语称为 “果卓”，意为圆圈歌舞，多在夜晚举行，民众围绕篝火自发拉手成圈，跟随领舞者边唱边跳，舞步以 “三步一撩”“翻身辗转” 为基础，男女老少均可参与，气氛热烈欢快。锅庄舞贯穿藏族人一生的重要时刻：婚嫁、藏历新年、丰收节庆、宗教法会，甚至平日里邻里聚会，只要音乐响起，便能自发围圈起舞。同一类的圈舞还见于羌族、彝族、普米族等少数民族中，舞步与唱腔各有特色，但都遵循 “围圈、踏歌、自娱” 的核心模式。圈舞没有固定舞台、不要求专业训练，随性而起、尽兴而止，依靠民间代代自发传承，是最贴近群众日常生活的舞蹈形式。它既是少数民族社交娱乐的方式，也是维系族群情感、传递文化记忆的重要载体。如今，锅庄舞已走出藏区，进入成都、拉萨、西宁等城市的社区广场，每晚都有数百名市民围圈起舞，成为城市夜间文化的一道亮丽风景。,2026/1/7 14:19,2026/1/14 15:06,1,1
13,苗族芦笙舞,芦笙器乐伴奏特色民族舞蹈，【摘要】苗族芦笙舞是苗族最具代表性的非物质文化遗产舞蹈，以舞者手持芦笙、边吹奏边舞蹈为最大特色。芦笙是一种多管簧管乐器，由长短不一的竹管插入木制笙斗制成，音色浑厚悠扬。舞者一边吹奏芦笙曲调，一边依照旋律节奏做出踢腿、转体、蹲跳、倒立等舞步，吹奏与舞蹈必须高度协调，极考验体力与技巧。芦笙舞广泛用于苗族的祭祖大典、丧葬仪式、青年男女婚恋交友以及苗年、吃新节等民族节日盛会。舞步形式多样，从单人独舞展示个人技巧，到双人对舞比拼耐力与协调性，再到上百人集体合舞彰显族群团结，应有尽有。云贵高原的雷山、台江、榕江等苗族聚居区是芦笙舞的核心流传地带，几乎每个苗族村寨都有自己的芦笙手和芦笙队。芦笙曲调与舞步并非固定不变，不同村寨、不同节庆场合各有专属套路，由父传子、师带徒代代口传身授。芦笙舞不仅是苗族人民的精神寄托，也是识别苗族支系、传承族源历史的重要文化符号。2006 年，苗族芦笙舞被列入国家级非物质文化遗产名录。,2026/1/8 15:44,2026/1/15 11:29,1,1
14,傣族仿生孔雀舞,模仿孔雀体态特色民族舞蹈，【详情】傣族仿生孔雀舞是云南西双版纳、德宏等地傣族的标志性非物质文化遗产舞蹈。该舞蹈动作全部仿生自孔雀的日常体态，包括漫步、抖翅、梳羽、晒翅、喝水、开屏、飞翔等，舞者通过柔软的手指、灵动的眼神、优美的腰肢与轻盈的步伐，将孔雀的高贵、优雅、圣洁表现得惟妙惟肖。传统孔雀舞对服饰要求极高，舞者身着仿孔雀羽毛的长裙，头戴金冠，指尖佩戴长长的金属指套以模拟孔雀爪形。古时孔雀舞多在傣族王室庆典、佛教法会中表演，由宫廷舞姬或寺庙舞者专习，普通百姓难得一见。傣历泼水节（也称傣历新年）成为孔雀舞固定的公开演出节点，每逢此时，万人广场上必有孔雀舞领衔表演，成为节庆的高潮。如今，孔雀舞已从宫廷走向民间，走进景区、校园、文化馆常态化传承。不少傣家女孩从小就被挑选学习孔雀舞基本手势与步伐，作为民族文化认同的重要部分。杨丽萍等舞蹈家将孔雀舞改编后搬上国内外舞台，使其成为世界认识中国傣族文化的一张名片。孔雀舞不仅是一种舞蹈艺术，更承载着傣族人民对美好、圣洁与和平的向往。,2026/1/8 15:51,2026/1/16 8:17,1,1
15,中医中药炮制,中药材古法净选炮制加工技艺，【详情】中药炮制是中医药体系中的核心非物质文化遗产，也是中药从原药材到临床用药之间必不可少的加工环节。炮制包含净选、切制、炒制、煅制、蒸制、煮制、醋炙、酒炙、蜜炙、盐炙等数十种古法工艺。净制是去除泥沙、杂质及非药用部位；切制是将药材切成片、段、丝、块，便于煎煮出有效成分；炒制则是用文火或武火在铁锅中翻炒，改变药性，如白术土炒增强健脾功效；煅制将矿石类药物高温烧红后淬入醋中，使其质地酥脆便于粉碎；醋炙可引药入肝、增强止痛效果；酒炙则增强活血通络之力。通过炮制，可以降低或消除药材的毒性、烈性或副作用，如附子经过胆巴水浸泡、长时间蒸煮后才能安全内服；同时也能增强药效、改变性味归经以适应不同病症。北京同仁堂、杭州胡庆余堂等老字号药铺至今仍传承着宫廷古法炮制配方，丸、散、膏、丹等传统剂型全部依靠古法熬炼制作，拒绝现代化学提取。中药炮制技艺传承两千余年，是历代药工经验的结晶，也是中医 “辨证施治、随症加减” 得以实现的物质保障。2014 年，中药炮制技艺入选国家级非物质文化遗产代表性项目。,2026/1/9 8:30,2026/1/17 12:41,1,1
16,中医针灸医术,经络穴位针刺艾灸传统诊疗，【详情】中医针灸医术是依托中医经络理论发展起来的传统诊疗方法，包括针刺与艾灸两大部分。针刺疗法使用极细的银针或不锈钢针，刺入人体特定穴位，通过提插、捻转等手法调节气血运行、疏通经络、平衡阴阳。艾灸疗法则是将干燥艾叶捣绒制成艾柱或艾条，点燃后在穴位上方熏烤，借助热力与药性温通经脉、散寒止痛。针灸适用于内科杂病、骨伤疼痛、面瘫、中风后遗症、妇科疾病、失眠等多种病症，具有起效快、副作用小、操作简便等优点。历代医家不断总结完善穴位图谱，形成手三阴、足三阳等十四经脉及三百多个穴位的完整系统。民间大量家族世代传承针灸行医手艺，许多乡村针灸师以一根银针、一盒艾条行医数十年，成为基层医疗服务的重要补充。2010 年，中医针灸入选联合国教科文组织人类非物质文化遗产代表作名录，标志着其全球影响力。如今，中医针灸已传播至全球 190 多个国家和地区，每年有数千万人次接受针灸治疗。但与此同时，如何规范传承、防止过度商业化及伪针灸乱象，也成为针灸非遗保护面临的新课题。,2026/1/9 8:42,2026/1/18 13:50,1,1
17,中医正骨推拿,徒手骨伤复位经络理疗技艺，【详情】中医正骨推拿是以徒手方式复位跌打损伤、骨关节错位、脱臼等骨伤科疾病的传统诊疗技艺，一般不依赖手术切开，全凭医者双手的触诊、牵引、按压、端提等手法将骨骼复位，再配合夹板或绷带固定。正骨完成后，通常辅以推拿按摩，沿经络循行方向施以揉、按、滚、捏、拿等手法，以疏通气血、消除肿胀、松解粘连。正骨推拿技艺大多为家族秘传，讲究 “手摸心会”，即医者凭手感判断骨折类型与错位方向，然后以巧劲一次性复位，强调 “轻、稳、准、快”。该技艺广泛扎根于城乡基层，针对日常磕碰、运动损伤、慢性劳损、关节紊乱、老年性骨关节病等，提供了安全、经济、有效的保守治疗方案。与西医骨科手术相比，正骨推拿免去了开刀之苦和昂贵的内固定材料，是民间刚需的传统医术。河南洛阳平乐正骨、北京罗氏正骨、佛山蔡李佛拳跌打正骨等流派各有特色，传承百余年。近年来，随着中医药振兴政策的扶持，许多正骨推拿传人获得非遗认定，并走进医院中医科、社区卫生服务中心，与现代康复医学相结合。然而，正骨推拿对手法技术要求极高，一旦误诊或操作不当可能加重损伤，因此学员培养周期长、门槛高，后继乏人是当前最大的传承瓶颈。,2026/1/10 9:26,2026/1/19 16:11,1,1
18,藏医药,青藏高原本土民族医药体系，【详情】藏医药是青藏高原上千年形成的完整民族医药体系，融合了藏族苯教医学、印度医学、中医学及阿拉伯医学的精华。藏医药理论认为人体由隆、赤巴、培根三种因素维持平衡，疾病源于三者失调。其诊疗手段包括望诊（尤其重视尿诊）、触诊（切脉）、问诊等。藏药取材全部来自青藏高原特有的高寒生态环境，包括冬虫夏草、红景天、雪莲、藏红花、绿绒蒿等高原草本，以及矿物类（如朱砂、寒水石、金礞石）、动物类（如麝香、熊胆、牦牛角）等原料。藏药炮制工艺极为繁复，如 “坐台” 水银洗炼法需数十道工序去除水银毒性并增强药效，是藏药的核心绝技。藏医问诊强调人与自然和谐，注重季节、气候与患者体质的匹配。药浴疗法是藏医的特色外治法，以五味甘露为主药，煎汤浸泡全身，治疗风湿、类风湿、皮肤病等顽疾。藏区民间藏医常年深入牧区骑马巡回行医，随身携带药囊，为偏远帐篷牧民的常见病、骨伤病提供免费或低价诊疗。西藏藏医学院、青海藏医药研究所等机构已将藏医药纳入正规教育体系，并推动藏药产业化生产。藏医药于 2018 年入选联合国教科文组织人类非物质文化遗产代表作名录，成为世界公认的传统医学瑰宝。,2026/1/10 9:37,2026/1/20 9:02,1,1
19,苗医药,云贵山区原生态少数民族医药，【详情】苗医药是云贵高原苗族人民在长期深山劳作与生活中积累形成的原生态民族医药体系。苗医理论强调 “两病两纲”—— 冷病与热病、酸与碱的平衡，诊断方法包括看指甲、观眼睛、摸脉、问疼痛等，简洁实用。苗药全部取材于武陵山脉、苗岭山脉的深山野生草药，常见药物有何首乌、三七、淫羊藿、八角枫、金荞麦、透骨香等。苗医崇尚鲜药捣烂外敷，将新鲜草药洗净、捣碎成泥，直接敷于跌打损伤、疮疡肿毒处，药力直达病灶；内服则以草药煎汤为主，一剂不过三五味药，强调 “简、便、验、廉”。苗医药没有复杂的炮制器械，全凭苗人进山识药的眼力与采摘经验，药方多为祖辈口传，不立文字，每味药的采集季节、部位选择、配伍禁忌全在脑中。专治跌打损伤、风湿痹痛、皮肤湿疹、毒蛇咬伤等山区常见病，是西南山区民间基础医疗的最主要提供者。湘西、黔东南等地建有苗药资源普查基地与苗医院，部分苗药已纳入国家药品标准。但苗医药面临老苗医年事已高、年轻一代不愿进山识药的困境，口传药方的数字化抢救与标准化研究是当前保护的重点。,2026/1/11 10:54,2026/1/21 10:47,1,1
20,畲族医药,东南山区畲族传统草药医术，【详情】畲族医药是流行于福建、浙江、江西等东南山区畲族聚居地的传统民族医药体系。畲医理论较为朴素，没有复杂的阴阳五行框架，更注重实践与经验积累。诊疗特色包括：草药食疗，将草药与猪脚、老母鸡、糯米等同煮，寓医于食；刮痧治痧，用铜钱、瓷勺蘸油在后背、颈部刮出暗红色痧点，以治疗中暑、风寒、食积等 “痧症”；外敷草药，将鲜草药捣烂敷于跌打损伤、蛇虫咬伤处，迅速消肿止痛。畲医熟知村寨周边山区的本土草药习性，如白毛藤、土茯苓、积雪草、鱼腥草、半边莲等，大多随采随用，不储存成品药。畲医一般不行医出村，主要在村落内部行医，不挂牌、不收诊费，患者以实物或红包表达感谢。偏方依托畲族世代生活经验积累而成，部分验方如 “痧药”“蛇药” 疗效确切，已被现代医学研究关注。福建福安、浙江景宁等地建有畲医药研究所，将畲药开发为保健茶、外敷贴等产品。但由于畲族没有本民族文字，所有医药知识全靠畲语口传，随着老畲医逐年减少，畲族医药面临迅速失传的风险。目前，非遗保护机构正在开展畲医畲药的数字化录音、录像及验方整理工作。,2026/1/11 11:03,2026/1/22 14:33,1,1
21,蒙医药,北方草原游牧民族特色医药，【详情】蒙医药是蒙古族在北方草原游牧生活中发展形成的特色民族医药体系，充分适应了寒冷、干旱、多风沙的自然环境以及游牧、征战、畜牧等生活方式。蒙医理论以 “赫依、协日、巴达干” 三根学说为核心，与藏医药理论相近但更具游牧特色。蒙药常用药物包括草原野生植物（如麻黄、甘草、黄芪、肉苁蓉）、动物脏器（如羊胃、牛黄、驴血、旱獭油）以及矿物类（如芒硝、磁石、石决明）。蒙医正骨是蒙医药最具代表性的技艺，对骨折、脱臼采用手法复位、沙袋固定、马奶酒喷洒等特色疗法，不开刀、不牵引，愈合快且功能恢复好。放血疗法是蒙医的另一特色，用特制放血针刺破浅表静脉，放出少量瘀血，以治疗头痛、高血压、血热等症。马奶入药疗法则是草原独有，将新鲜马奶发酵后内服或外用，用于调理肠胃、补充营养、辅助治疗肺病。牧区蒙医常年跟随游牧部落巡回义诊，骑马背药箱穿梭于各季草场之间，为牧民治疗跌打损伤、风湿性关节炎、冻伤、消化不良等常见病。内蒙古通辽、赤峰等地设有蒙医医院和蒙医药学院，推动蒙医药标准化、产业化发展。但深入牧区的流动诊疗服务由于游牧生活方式减少而大幅萎缩，如何留住流动的蒙医是保护难点。,2026/1/12 12:16,2026/1/23 15:28,1,1
22,东阳木雕工艺,实木浮雕透雕古建筑雕刻手艺，【详情】东阳木雕是国内三大木雕之首，以浙江东阳为核心传承地，距今已有一千余年历史。东阳木雕选用红木、樟木、楠木、椴木等优质实木，木材需经过充分干燥处理以防开裂变形。雕刻技法包括浅浮雕（表面雕刻薄层图案）、深浮雕（图案高起、层次丰富）、透雕（雕穿木板形成镂空效果）、圆雕（四面雕刻独立立体造型）以及镂空雕、贴片雕等多种手法。题材涵盖历史故事、戏曲人物、花鸟鱼虫、祥禽瑞兽、山水楼阁等，图案繁密饱满，层次分明，刀法圆润流畅，具有 “平面装饰、满花雕刻” 的典型风格。东阳木雕古代大量用于宫廷、官邸、寺庙、祠堂的建筑装饰，包括梁枋、牛腿、雀替、门窗、挂落等构件，也广泛用于红木家具、屏风、宫灯、摆件的制作。现存大批东阳木雕非遗匠人专注古建修复工作，承接全国各地的明清古民居、祠堂、戏台的木雕复原项目。匠人们严格按照 “修旧如旧” 原则，依据残存纹样复刻图纸，全程手工雕刻，不用电动工具。东阳木雕于 2006 年入选第一批国家级非物质文化遗产名录，目前当地已建立木雕技校、大师工作室、古建修复基地，形成从学徒培养到工程承接的完整产业链。,2026/1/12 12:27,2026/1/24 11:19,1,1
23,苏湘粤蜀刺绣,四大名绣经典手工刺绣技艺，【详情】苏绣、湘绣、粤绣、蜀绣并称为中国四大名绣，各有鲜明风格。苏绣产自苏州，以精细雅洁著称，针法多达四十余种，尤以 “劈丝” 绝技见长 —— 将一根蚕丝线劈成 1/16 甚至 1/32 的细丝，绣出猫眼、金鱼尾等极细微处，代表作有《双面绣猫》。湘绣产自湖南长沙，以粗犷写实为特色，独创 “鬅毛针” 绣制狮虎毛发，毛发根根直立、层次蓬松，从不同角度观看虎眼会随人转动。粤绣产自广东潮州、广州，富丽浓烈，喜用金银线盘绕钉绣，大量镶嵌珠玉、贝壳、孔雀羽，常用于戏服、神袍、寺庙幡帐，视觉冲击力极强。蜀绣产自四川成都，针法多变、严谨平齐，擅长绣制鲤鱼、芙蓉、熊猫等本土题材，以 “晕针” 表现色彩渐变，细腻柔和。除四大名绣外，还有苗绣、瓯绣、羌绣、顾绣、京绣等各地特色绣种。所有绣种均以蚕丝线为主要材料，在绸缎、绢、罗等底布上绣制花鸟、山水、人物、吉祥图案，多用于服饰衣边、团扇扇面、屏风摆件、婚庆喜帐等。刺绣是传统服饰文化的核心工艺之一，承载着历代女性的巧思与审美。目前，四大名绣均已列入国家级非物质文化遗产，但绣娘老龄化严重、年轻人耐不住枯燥等问题突出，文创产品开发与机器刺绣冲击是行业面临的现实挑战。,2026/1/13 13:41,2026/1/25 8:44,1,1
24,景德镇系陶瓷烧制,全工序古法陶瓷手工烧制技艺，【详情】景德镇系陶瓷烧制是涵盖采石制泥、拉坯、利坯、绘画、施釉、装窑、柴窑烧制等七十余道工序的古法手工陶瓷烧制技艺体系。核心产地位于江西景德镇，同时辐射龙泉青瓷、宜兴紫砂、汝瓷、钧瓷、石湾陶塑等不同陶瓷品类。原料采用高岭土、瓷石等天然矿物，经粉碎、淘洗、沉淀、揉练成为可塑泥料。拉坯在转盘上徒手将泥团拉成碗、盘、瓶等雏形；利坯用铁刀精细修整坯体内外表面，控制厚度均匀；绘画采用青花、釉里红、五彩、粉彩等技法在坯体上绘制图案；施釉浸蘸或吹喷釉浆，形成玻璃质保护层；最后装入柴窑，以松木为燃料，依凭经验观察火焰颜色与测温锥判断窑温，烧制数日。柴窑烧制时，釉料在高温下自然流动、窑内气氛变化，形成机器量产无法复刻的釉色层次与窑变效果，如青瓷的 “梅子青”、钧窑的 “窑变紫斑”。不同品类各有专属工艺：龙泉青瓷强调厚釉与开片；宜兴紫砂注重泥料陈腐与拍打成型；汝瓷追求天青色与蟹爪纹。景德镇系陶瓷烧制贯穿中国陶瓷史千年，是中华民族审美与技术的双重结晶。2006 年，景德镇手工制瓷技艺入选第一批国家级非物质文化遗产名录，目前仍有大批老匠人坚守古法柴窑，同时面向研学旅游开放体验。,2026/1/13 13:52,2026/1/26 12:09,1,1
25,传统绿茶红茶制茶,各类茶叶全流程手工古法制作，【详情】传统绿茶红茶制茶是指从鲜叶采摘到成品茶出厂的全流程手工操作技艺，不同茶类各有专属古法。绿茶（如龙井、碧螺春）核心工艺是 “杀青”，用铁锅高温快速翻炒或蒸青，破坏鲜叶中酶活性，保留绿色和清香；之后经过揉捻（手工搓揉使叶片卷曲成条）、干燥（炭火或烘干）而成。红茶（如祁门红茶、正山小种）则强调 “萎凋、揉捻、发酵、干燥”，鲜叶先在竹匾上自然萎凋走水，再手工揉捻破坏细胞使茶汁溢出，置于温湿环境中发酵至叶色变红、香气透出，最后烘干。乌龙茶（如铁观音、大红袍）介于绿茶与红茶之间，核心是 “做青”—— 以手工摇青使叶片边缘摩擦红变，形成 “绿叶红镶边” 与花果香。白茶（如福鼎白茶）属于微发酵茶，工艺最简但最讲究天气，鲜叶摊晾于竹匾，依靠日光自然萎凋，不炒不揉，最后文火烘焙。普洱生茶采用晒青毛茶直接蒸压成型，熟茶则增加 “渥堆发酵”—— 将晒青毛茶堆积洒水，在湿热条件下长时间发酵，形成红褐色汤色与陈香。各地茶山传承专属制茶口诀与手法，如龙井的 “抖、搭、搨、捺”、铁观音的 “看青摇青、看天摇青”。全手工制茶依赖制茶师的视、触、嗅综合判断，机器量产无法复制茶叶的层次感与活性。目前，绿茶、红茶、乌龙茶、白茶、黑茶等制茶技艺已有多个子项列入国家级非遗。,2026/1/14 14:33,2026/1/27 13:35,1,1
26,实用竹编工艺,天然竹材劈丝编织日用器皿，【详情】实用竹编工艺是以天然竹材为原料，经劈篾、刮青、分丝、编织等工序制作日用器皿、农具、装饰品的传统手工技艺。选材多采用三年左右嫩竹，以毛竹、慈竹、水竹为佳，竹节疏、纤维细。第一步是劈篾：将竹筒剖成竹片，再层层劈薄至所需厚度，最细可至 0.2 毫米以下如发丝。然后刮去竹青、修整宽度，形成光洁均匀的竹篾或竹丝。编织方法包括挑一压一、斜纹编、人字编、六角眼、绞丝编等数十种基础纹样，通过不同挑压顺序形成疏密、花色变化。产品包括竹篮（菜篮、花篮、礼品篮）、竹席（凉席、帘席）、竹扇、竹盒、竹篓、竹筛、茶具、灯具、收纳摆件等。四川青神、浙江东阳是国内两大竹编非遗产地。青神竹编以超细竹丝编织工艺品著称，可在仅半毫米宽的竹丝上编织出复杂花纹，代表作有竹编字画、竹编茶具；东阳竹编则更强调造型与编织结合，产品兼具实用性与艺术性。高端实用竹编产品还需上漆处理，以生漆或清漆涂刷表面，防霉防水，延长使用寿命。竹编原料可再生、产品可降解、编制过程零污染，是典型的绿色手工艺。近年来，竹编茶具、竹编灯具等生活化文创产品走俏市场，带动山区竹农增收。但竹编学习周期长（从劈篾到熟练编织需三至五年），年轻人不愿从事，后继乏人是主要困境。,2026/1/14 14:45,2026/1/28 16:42,1,1
27,南北剪纸艺术,红纸镂空雕刻民俗手作，【详情】南北剪纸艺术是以红纸、彩纸为原料，通过剪刀剪或刻刀镂刻，形成镂空图案的民俗手工艺。北方剪纸以陕西、河北、山东、山西为代表，线条粗犷厚重，构图丰满，风格质朴豪放，题材多为窗花、炕围花、顶棚花、门笺等，多用于年节贴窗、婚庆喜事，寓意吉祥。北方剪纸常用大剪刀直接剪，不画稿、不打样，全凭心手相应，一刀到底。代表性流派有陕北剪纸（粗犷有力）、河北蔚县剪纸（套色点染）、山东高密剪纸（细腻中带粗犷）。南方剪纸以浙江、广东、福建为代表，线条细腻繁复，擅长花鸟鱼虫、文人书画、戏曲人物等题材，风格清秀婉约。南方剪纸多用刻刀在蜡盘上精雕细刻，刀法丰富，可刻出比头发丝还细的线条。代表性流派有浙江乐清细纹刻纸（最细可刻出每厘米三十余根线条）、广东潮汕剪纸（衬色、套色技艺）、福建柘荣剪纸（以窗花闻名）。剪纸除传统贴窗功能外，已衍生出书签、贺卡、灯笼、摆件、服饰图案、装饰画、文创礼盒等众多市场化产品。逢年过节、婚嫁喜事、祝寿满月、新居落成，剪纸仍然是最具仪式感的民俗装饰。2006 年，剪纸被列入第一批国家级非物质文化遗产名录；2009 年，中国剪纸入选联合国教科文组织人类非物质文化遗产代表作名录。,2026/1/15 15:18,2026/1/29 9:26,1,1
28,南北泥塑彩绘,黏土塑形矿物颜料彩绘手艺，【详情】南北泥塑彩绘是以天然黏土为原料，手工塑形、阴干后施以矿物颜料彩绘的传统手工艺。天津泥人张与无锡惠山泥人是南北两大标杆流派。泥人张始于清代道光年间，以写实见长，塑造人物神形兼备，衣纹流畅自然，擅长表现市井人物、戏曲角色、历史名人，素以 “泥人有神” 著称。彩绘采用水粉色加胶调制，色彩明快但不艳丽，注重人物肤色与衣着的真实感。无锡惠山泥人则以 “大阿福” 为代表形象，造型圆润饱满，色彩大红大绿，对比强烈，充满江南乡土气息。惠山泥人分 “粗货”“细货” 两类：粗货是模具批量翻制、手工彩绘的儿童玩具，价格低廉；细货全手工捏塑、精工彩绘，多为戏曲人物或吉祥题材，每件独一无二。除两大流派外，还有河南浚县泥咕咕（黑底彩绘、哨子功能）、陕西凤翔泥塑（挂虎、坐虎）、河北玉田泥人（以戏剧人物为主）等地方流派。泥塑原料取自本地的河泥、塘泥或山土，需经过淘洗、沉淀、掺入棉絮或细沙增加韧性。塑形完成后在阴凉处缓慢阴干数日至数月，防止开裂。彩绘使用朱砂、石绿、石黄、白垩等天然矿物颜料，调配骨胶或蛋清作为粘合剂，色彩经久不褪。泥塑彩绘作品多为民俗摆件、节庆玩具、吉祥神像，是传统民居厅堂、庙宇佛龛中常见的装饰物。目前，泥人张与惠山泥人均已列入国家级非物质文化遗产。,2026/1/15 15:27,2026/1/30 10:51,1,1
29,漆器髹饰工艺,天然大漆反复髹涂器物工艺，【详情】漆器髹饰工艺是以天然生漆（漆树割取的乳白色汁液）为涂料，在木、竹、麻布、金属等胎体上反复髹涂、打磨、装饰的传统手工艺。天然生漆具有防腐、防潮、耐酸、耐热、硬度高、光泽持久等特性，一件漆器制品周期短则数月、长则数年。核心工序包括：制胎（木胎、夹纻胎、皮胎、金属胎等）、打底（用漆灰修补胎体缺陷）、髹漆（每刷一层生漆需在恒温恒湿的荫房中干燥数日，干燥后打磨再刷下一层，少则十数层、多则上百层）、装饰（彩绘、描金、螺钿镶嵌、雕漆、百宝嵌等）、推光（用植物油与细灰反复摩擦漆面直至镜面般光亮）。重要流派：福州脱胎漆器以麻布为胎，脱去内模后仅留漆布壳，轻便坚固，装饰技法以彩髹、印锦为主；扬州螺钿漆器将夜光贝、云母片裁切成极薄图案，镶嵌于漆面，光色流转富丽华贵；平遥推光漆器以手掌沾油推光漆面，反复推磨数十次直至漆面光可鉴人；北京雕漆在厚达数毫米的漆层上雕刻山水人物，刀法深邃。古代漆器专供宫廷陈设、礼器、佛具以及高档家具使用。现代漆器除保留高端艺术品外，也开发茶具、餐具、首饰盒、文房用品等生活器物。天然大漆具有致敏性，初学匠人几乎都会经历严重皮肤过敏，这也是漆器手艺传承困难的原因之一。2006 年，漆器髹饰技艺被列入第一批国家级非物质文化遗产名录。,2026/1/16 8:09,2026/2/1 14:17,1,1
30,个旧锡器锻制,纯锡高温锻打錾刻日用器具，【详情】个旧锡器锻制是以云南个旧出产的高纯度精锡为原料，经熔炼、压片、锻打、錾刻、抛光等工序制作日用器具的传统手工技艺。个旧素有 “锡都” 之称，锡矿储量丰富，锡器制作历史悠久。锡具有熔点低（约 232℃）、延展性好、无毒无味、耐腐蚀、保鲜防潮等特性。制作时先将精锡在坩埚中熔化，除去浮渣后浇铸成锡板或锡棒；然后反复加热锻打，使锡材密度均匀、厚度一致；再根据器型裁剪、弯折、焊接成型；最关键的是錾刻工序 —— 匠人手持自制錾子（平錾、尖錾、圆錾等），用小锤敲击，在锡器表面刻画出山水、花鸟、人物、东巴文字等纹样，錾刻深度、间距全凭手感。最后经过细砂纸打磨、棉布抛光，使锡器呈现银白色柔和光泽。产品包括锡壶（酒壶、茶壶）、锡碗、锡杯、锡茶叶罐、锡香炉、锡烛台、锡摆件等。锡茶叶罐密封性极佳，被茶人誉为 “存茶最佳容器”，可长久保持茶叶香气不散。个旧锡器是西南少数民族（尤其是彝族、哈尼族）传统日用手工艺品，婚嫁、祭祀中常见锡制礼器。近年来，锡器体验门店在大理、丽江等景区兴起，游客可在匠人指导下体验剪料、锻打、錾刻，完成一件小型锡器带走。但纯锡质地较软，易于变形，且原料价格逐年上涨，给锡器规模化传承带来挑战。个旧锡器制作技艺已列入云南省级非物质文化遗产名录。,2026/1/16 8:21,2026/2/2 15:39,1,1
31,白苗草木染织,天然植物原料布料防染工艺，【详情】白苗草木染织是指以白族扎染、苗族蜡染为代表的天然植物防染印花工艺，均在布料上形成蓝白相间的装饰纹样，不使用任何化学染料。白族扎染产于云南大理周城，工艺步骤：先将白布按设计图案进行捆扎、缝扎 —— 用棉线将布料扎成点、线、块的形状，扎得越紧防染效果越强。扎好后浸入板蓝根、蓼蓝等植物制作的靛蓝染缸中，常温冷染，反复浸染多次使蓝色层层加深。染好后拆开捆扎的线，被扎住的部分没有染上蓝色，留下白色原布，形成不规则的蓝白斑纹图案。扎染纹样具有自然晕染、不可复制的特点，每一件都是唯一的。苗族蜡染流行于贵州黔东南、湘西等地。工艺步骤：将蜂蜡或石蜡在金属容器中加热熔化，用铜制蜡刀（形状似小铲）蘸蜡液，在白布上手工绘出图案。蜡液冷却后凝固，形成防染层。然后将布料浸入蓝靛染缸冷染，染好后放入沸水中煮脱蜡，蜡层熔化脱落，露出白色图案。蜡染线条可以极细，传统图案有蝴蝶妈妈、鱼、鸟、龙、铜鼓纹等苗族图腾。两种工艺均使用板蓝根、蓼蓝等植物发酵制成的靛蓝染料，无化学成分，染出的蓝色沉稳耐看，不伤皮肤。扎染与蜡染是西南少数民族传统服饰的主力工艺，衣领、袖口、裙摆、头帕、背儿带等均有应用。目前，白族扎染与苗族蜡染均已列入国家级非物质文化遗产，且成为云南、贵州旅游文创的热门品类。,2026/1/17 9:46,2026/2/3 11:44,1,1
32,传统制墨技艺,松烟桐油古法炼烟制墨，【详情】传统制墨技艺以松烟墨和油烟墨两大体系为代表，核心产地在安徽黄山（徽墨）。松烟墨制作：选择老松木在窑中不完全燃烧，烟尘上升凝结在窑顶与窑壁，收集细密松烟。油烟墨制作：点燃桐油、菜籽油或猪油，油灯上方倒扣瓷碗收集油烟。烟料越细，墨质越好。将收集到的烟灰与优质牛皮胶或鹿胶按比例混合，加入麝香、冰片、金箔等名贵辅料（防腐、增香、增亮）。然后置于墨墩上反复杵捣数万次，使胶、烟、药完全融合，墨团致密均匀。杵捣后入模压制成型，脱模后放入木灰中或恒温室内缓慢阴干，时间长达数月甚至一年，防止开裂。阴干后的墨锭用刀具修整边角，再用金粉、银粉描绘文字与图案（描金）。古法制墨工序繁琐，一批墨从炼烟到成品至少半年以上，全凭手工经验控制火候、配比、捣杵力度与阴干湿度。徽墨拈来轻、磨来清、嗅来馨，特点是 “坚如玉、纹如犀、色如漆”，书画时墨色层次丰富、黑而不滞、历久不退。安徽黄山现存为数不多的古法炼烟制墨手艺人，大多年事已高，年轻人很少愿学。炼烟环节烟尘大、劳动强度高，且市场受墨汁产品冲击严重。2006 年，徽墨制作技艺被列入第一批国家级非物质文化遗产名录。近年来，非遗纪录片、文旅体验工坊的兴起，为传统制墨带来了一定关注与年轻人回流。,2026/1/17 9:57,2026/2/4 8:22,1,1
33,湖笔古法制作,山羊毛择料捆扎毛笔工艺，【详情】湖笔古法制作是浙江湖州善琏镇传承千年的毛笔制作技艺，被誉为 “笔中之冠”。湖笔选用特定品种的山羊颈背部细长锋毫，称为 “宿羊毫”，需经过精选、脱脂、择毛、齐毫、压毫、圆笔、修笔、装杆等上百道工序，其中核心是 “水盆” 工序：在盛水的水盆中，将羊毛逐根筛选、搭配，根据锋颖长短、粗细分区排列，剔除断毛、弯毛、杂毛。择毛师要在水中将每一根毛的锋颖对齐，形成毛笔尖端的 “锋颖柱”，决定毛笔的聚锋能力与弹性。然后是齐毫，将选好的毛料根部切齐；压毫，用线捆扎毛根形成笔头雏形；圆笔，将笔头搓圆使毛料均匀分布；修笔，用刀片剔除突出笔锋的杂毛。笔头干透后装入手工挖孔的木杆或竹杆中，用松香或乳胶固定。湖笔分为羊毫（软毫）、狼毫（硬毫）、兼毫（软硬混合）三大类，羊毫最软蓄墨强，适写楷书、隶书；狼毫劲健弹力足，适写行书、草书；兼毫介于两者之间。一支高档湖笔从选毛到完成需耗时数周甚至一月，择毛环节一人一天仅能完成几十支。湖州湖笔制作技艺于 2006 年入选国家级非物质文化遗产，目前善琏镇仍有数十户家庭作坊坚守古法，同时向书法用品市场持续供货。但工业化毛笔价格低廉，挤压古法湖笔生存空间，且择毛师平均年龄超过 50 岁，青年学徒极难招到。,2026/1/18 10:31,2026/2/5 12:57,1,1
34,泾县古法宣纸,青檀皮稻草山泉手工造纸，【详情】泾县古法宣纸是安徽泾县特产，以青檀树皮和沙田稻草为原料，辅以当地山泉活水，经一百多道手工工序制成，是国画、书法、木版水印、古籍修复的首选纸张。青檀皮提供纸的韧度与寿命，稻草提供白度与绵软。原料处理：青檀皮经石灰水浸泡、烈日曝晒、反复蒸煮，除去木质素与胶质；沙田稻草经腌沤、日晒、雨淋自然漂白，历时数月。然后分别碓打成浆，按比例混合（特净皮宣纸檀皮比例高达 80% 以上）。纸浆倒入纸槽加水搅匀，纸工手持竹帘伸入槽中抄起，前后左右晃动使纸浆均匀铺在帘上，提起竹帘即形成一张湿纸。每抄一张帘，叠放在一旁，层层码放至上千张。然后压榨去水，将纸帖用杠杆或千斤顶挤压排出大部分水分。最后逐张揭下，贴在焙笼或火墙上高温烘干。泾县古法宣纸纸质绵韧、洁白平滑、润墨均匀、不蛀不腐，有 “纸寿千年” 之誉。关键用料是当地山泉，水质硬度适中，含特定微量元素，直接决定宣纸的润墨效果，自来水无法替代。2006 年，宣纸制作技艺入选第一批国家级非物质文化遗产，并正在联合申报联合国教科文组织人类非遗。目前，泾县仍有数家纸坊坚持古法抄纸，但原料青檀皮价格上涨、年轻抄纸工流失、环保压力增大，是古法宣纸面临的现实困境。机器宣纸生产效率高数十倍，但润墨性与寿命远不及古法手工纸。,2026/1/18 10:42,2026/2/6 13:18,1,1
35,鲁锦土布纺织,农家手工纺纱老式织布织造，【详情】鲁锦土布纺织是山东菏泽、济宁等鲁西南地区农家传统手工纺织技艺。全流程从棉花开始：将籽棉去籽后弹松，用手摇纺车纺成棉线。纺出的线需经过络线、经线 —— 将线按设计花纹排列在经轴上，再穿入织布机的综框和筘齿中。织布机为老式木质踞织机（腰机）或踏板织机，梭子穿引纬线，脚踏提综、手推打筘，一梭一去织出布面。鲁锦纹样多由彩色棉线提前排列形成，无需后印染，常见条格纹、斗纹、合斗纹、枣花纹、狗牙纹等，纹样几何规则、色彩鲜艳，极具鲁西南乡土气息。布料厚实耐磨、吸汗透气，古时农家自用制作衣裤、被面、包袱皮、粮袋等，不买洋布。张秀莲等鲁锦匠人保存了全套老式织布机及经线、刷线、掏综、织造流程，并主动走进乡镇小学开设手工课，教孩子们认识棉线、学习简单织造。近年来，鲁锦被开发为沙发靠垫、桌旗、手包、笔记本封面等文创产品，对接城市中产消费市场。2008 年，鲁锦织造技艺被列入国家级非物质文化遗产。但鲁锦生产效率低，一匹布从纺线到织成动辄数周，靠织布维生难以糊口，年轻人基本不再学习。目前，鲁锦传承主要依靠中老年妇女农闲时织造，以及非遗进校园的公益推广。,2026/1/19 11:55,2026/2/7 16:04,1,1
36,荣昌夏布织造,苎麻原料手工绩纱织布工艺，【详情】荣昌夏布织造是重庆荣昌以苎麻为原料的手工绩纱、织造传统麻布的非遗技艺。夏布又称 “麻布”，具有轻薄、透气、散热、不粘身的特点，是夏季衣料的上品。核心工序在于绩纱：将苎麻茎皮剥下，刮去表皮，晒干后撕成细如发丝的麻纤维。绩纱匠人将多根麻纤维一根根首尾捻接，形成连续不断的长纱，全程手工，不可中断。绩好的纱经过牵经（按幅宽排列经纱）、穿筘、上机。织造时脚踏提综、手推梭子，纬纱与经纱交织成布。夏布织造密度以 “升” 表示，密度越高越精细，高档夏布可达 80 升以上，布面平整如绸。夏布原色为麻本色（米黄），也可用植物染料染成蓝、黑、灰等色。古代夏布广泛用于夏季衣裤、蚊帐、丧服（披麻戴孝）、书画装裱衬底。现代荣昌夏布除保留传统手织外，还开发了棉麻混纺新品种 —— 在苎麻纱中混入长绒棉，既保留夏布透气凉爽特性，又改善纯麻扎人、易皱的缺点，对接国内服饰品牌批量面料采购。荣昌夏布织造技艺于 2008 年列入国家级非物质文化遗产。目前当地建有夏布技艺传承所、夏布体验工坊，吸引青年设计师参与产品创新。但绩纱环节极度耗时，一位熟练绩纱工一天仅能绩出半日织造的用纱量，生产效率低下是最大短板。,2026/1/19 12:06,2026/2/8 9:51,1,1
37,龙舟木作工艺,整木掏空手工打造竞赛龙舟，【详情】龙舟木作工艺是中国南方水乡（以广东东莞、广州、湖南汨罗、福建福州为代表）的传统手工造船技艺，专用于制作端午竞赛龙舟。传统龙舟采用整根原木掏空成型，首选坤甸木、柚木或杉木。坤甸木密度大、耐水浸泡、不变形不腐烂，但极其沉重；杉木轻便浮力好但寿命较短。选材后，先将原木剖半，用斧、锛、刨挖出船体内腔，保留船底与两侧船帮，形成狭长如叶的船身。然后再拼接肋骨、坐板、花旁（船帮加高部分），船头安装龙头木雕，船尾安装龙尾。连接处不使用铁钉，全靠榫卯与藤扎固定，避免铁钉生锈松动。船身完成后需多次试水调整平衡，用桐油灰腻缝防水，最后涂刷桐油保护。传统龙舟长度少则十余米、多则超过三十米，可同时乘坐 20 至 60 名桡手。一艘龙舟从选材到完工需耗时一至两个月，全手工制作。林水生等龙舟匠人每年端午前集中赶造龙舟，供珠三角各地赛事使用。船下水前通常会举行隆重的祭河神、点睛仪式。随着现代玻璃钢龙舟的普及，传统木龙舟因造价高、重量大、维护麻烦而逐年减少。但木龙舟的划水感、共振声、仪式感是玻璃钢船无法替代的。目前，广东东莞、湖南汨罗等地仍保留少量龙舟木作作坊，多为家族代代传承，同时依托端午民俗旅游开展龙舟制作体验活动。,2026/1/20 13:20,2026/2/9 10:27,1,1
38,苏式糕点古法制作,江南中秋时令点心手工技艺，【详情】苏式糕点古法制作是以苏州为中心、辐射江南地区的传统时令点心手工技艺，代表品类包括苏式酥皮月饼、清明青团、重阳糕、松子黄千糕、枣泥麻饼等。苏式月饼的核心工艺是酥皮制作：水油皮包油酥心，反复折叠擀卷三次（俗称 “三折三”），形成数十层面皮薄如蝉翼。包入鲜肉、清水玫瑰、百果、椒盐等馅料，收口压扁，盖章后入炉烘烤。烘烤后酥皮层层分离，一碰即落、入口即化。鲜肉月饼必须现烤现吃，热时酥皮脆、肉馅鲜。清明青团则是采摘野生嫩艾草，焯水去涩后舂捣成泥，与糯米粉反复揉匀成翠绿面团，包入细豆沙或咸菜笋丁，垫箬叶上笼蒸熟。青团的绿色完全来自艾草，不添加任何色素，艾草香气浓郁。重阳糕以米粉蒸制，多层夹馅，表面撒红绿丝、瓜子仁、芝麻，取 “步步登高” 之意。苏式糕点严格执行 “时令” 传统 —— 青团只在清明前后制作，月饼只在中秋前后供应，过季不候。苏桂珍等古法面点师担任多家江南老字号糕点顾问，手把手教年轻面点师揉面、开酥、包馅。2023 年，苏式月饼制作技艺入选江苏省级非物质文化遗产。然而，古法糕点依赖手工，产量低、保质期短（鲜肉月饼常温不超过半天），与现代连锁店的冷链标准化产品存在市场冲突。,2026/1/20 13:31,2026/2/10 14:46,1,1
39,古法阿胶熬制,黑驴皮山泉慢火熬胶养生工艺，【详情】古法阿胶熬制是山东东阿以黑驴皮和当地山泉水为原料，经数十道工序慢火熬制成的胶块，是传统滋补养生类非遗代表。工艺流程：选择健康成年黑驴，取整张驴皮，用清水浸泡数日软化后，刮去皮下脂肪与残肉，仅留真皮层。然后将驴皮切块，用桑木柴火武火煮沸焯皮，去除腥味与浮沫。焯好的皮块放入铜锅中，加入东阿当地阿井水或山泉水，桑木文火慢熬，边熬边搅拌，不断撇去表面泡沫。熬煮数日后，皮块中的胶原蛋白逐步溶出成胶汤，过滤去渣，胶汤再回锅浓缩。浓缩至胶液挂铲、滴水成珠时，加入黄酒、冰糖、豆油等辅料，再次煮沸后倒入浅盘冷却凝固。凝固后的胶块切成标准小方块，置于阴凉通风处晾胶数周至数月，使胶块表面干燥、断面光亮。古法阿胶色如琥珀、质坚而脆、断面光滑、无腥臭气。赵守义等老胶工坚持铜锅银铲、桑木文火，不加速浓缩、不添加工业明胶，一锅胶熬制需九天九夜。2018 年，东阿阿胶制作技艺入选国家级非物质文化遗产。目前，古法阿胶面临原料黑驴皮价格持续上涨、养殖成本高、屠宰量不足的困境。市场上大量廉价阿胶产品使用牛皮、马皮甚至明胶代替驴皮，冲击古法阿胶的信誉。此外，年轻人滋补习惯变化，传统阿胶块需打粉烊化、服用麻烦，即食阿胶糕等深加工产品成为主流，古法阿胶块市场缩水明显。,2026/1/21 14:15,2026/2/11 15:13,1,1
40,畲族凤凰装刺绣,少数民族婚嫁礼服专属刺绣，【详情】畲族凤凰装刺绣是福建福安、霞浦等地畲族女性专用于婚嫁礼服的刺绣手艺，以凤凰为核心纹样，整套凤凰装包括上衣、裙子、围裙、头冠、绑腿等。凤凰装以黑色或青色土布为底，在衣领、衣襟、袖口、围裙、襟花等部位刺绣凤凰、蝴蝶、花卉、蝙蝠、铜钱等吉祥图案。刺绣针法以平绣为主，辅以锁绣、打籽绣、盘金绣，绣线色彩浓烈 —— 大红、翠绿、湖蓝、金黄、粉紫等对比鲜明，整体富丽堂皇。凤凰造型为畲族独有：昂首、展翅、长尾、衔书，传说凤凰曾救畲族祖先，因此成为族群图腾。雷凤仙等刺绣匠人不用画稿，全凭脑中图案直接下针，一套凤凰装从设计、备料、绣制到成衣需耗时数月至一年。凤凰装只在畲族新娘出嫁时穿着一次，婚后小心珍藏，传于女儿。除新娘外，畲族女性在盛大节日、祭祖活动、歌会中也会穿着凤凰装，以示身份与族群认同。制作凤凰装的布料、丝线、染料过去全部天然取材 —— 土布自织，丝线自染，染料来自植物与矿物。如今，受工业化绣品和现代婚纱冲击，畲族年轻女性在婚礼上选择凤凰装的比例逐年下降，凤凰装逐渐从日常婚嫁转向非遗展演、旅游拍照、收藏品。目前，畲族服饰（凤凰装）已被列入国家级非物质文化遗产，雷凤仙等传承人通过承接定制礼服、进校园教学、传习所带徒等方式，努力延续这根绣花针下的凤凰血脉。,2026/1/21 14:26,2026/2/12 11:38,1,1
41,古法藏香制作,高原草药柏木混合制香工艺，【详情】古法藏香制作是西藏拉萨、山南、日喀则等地以高原草药、柏木粉为原料，手工混合、挤制、干燥的传统制香技艺，专供藏传佛教寺院礼佛、诵经、祭祀、修行使用。原料包括柏木主干磨成的细粉作为基料，再配以数十种藏区高原草药与香料，如红白檀香、藏红花、丁香、肉豆蔻、甘松、乳香、安息香、雪莲、绿绒蒿等。部分药香配方源自古代藏医药典籍《四部医典》，认为特定香气可以净化空气、提神醒脑、驱除病邪。制作时将柏木粉与草药粉按秘方比例混合，加入适量水或药液搅拌均匀，揉成面团状香泥。将香泥装入牛角或金属制香筒中，通过挤香器挤出长条状湿香，整齐排列在晾香板上。阴干数日至数周，彻底干燥后切段、扎捆。藏香与汉地线香最大的区别在于不添加化学香精，燃烧时烟量小、气味醇和、有淡淡药香。藏香在藏传佛教中不仅是供养品，也是修行者的辅助品，被认为能净化修行环境、集中意念。除了寺院大量采购外，藏香也是藏区家庭日常用香，早晚煨桑（熏香）是藏族传统。目前，古法藏香已列入国家级非物质文化遗产。市场上出现大量工业香精调配的 “旅游藏香”，价格低廉但气味刺鼻，严重冲击古法藏香的声誉和销售。正规藏香工坊坚持手工、纯天然原料，但成本高、定价高，消费者难以辨别真假，传承人收入不稳定。,2026/1/22 15:49,2026/2/13 8:07,1,1
42,传统狮头扎作,竹篾裱布手工制作醒狮头，【详情】传统狮头扎作是广东佛山、广州等地以竹篾为骨架、多层纱布裱糊、彩绘装饰制作南狮（醒狮）狮头的传统手工技艺。狮头扎作基本流程：先用竹篾弯曲、绑扎出狮头立体骨架，包括额头、鼻梁、脸颊、下颌、双角等部位，骨架必须对称且轻便结实。篾骨之间用纱纸搓成的细绳或铁丝扎紧，不用胶水。骨架完成后，用多层纱纸或纱布裱糊，每裱一层待干后再裱下一层，共裱三层以上，使狮头硬挺耐用。干燥后用猪血和桐油灰腻平接缝，打磨光滑。然后进行彩绘：用红、黄、黑、绿、金、银等色漆绘制花纹，眉心画明镜，额头、双颊、下颌画火焰纹、祥云纹。最后装饰：粘贴绒球、镜片、兔毛（或人造毛）做眉毛与胡须，安装活动眼珠与耳朵内衬，连接下颚使其开合。狮头嘴内设置控制线，舞狮者可通过拉线控制眼睛眨动与耳朵抖动。南狮狮头造型威猛，额头饱满、狮口阔张，分为刘备狮（黄底花面）、关羽狮（红底黑花）、张飞狮（黑底黑花）等角色，各有性格象征。黄锦洪等扎作匠人总结的尺寸比例与扎作步骤已编入广东省中小学非遗校本教材。目前，传统狮头扎作被列入国家级非物质文化遗产，佛山仍有十余家狮头作坊坚持手工制作。但由于机械批量生产的玻璃钢狮头成本极低、耐用且防水，传统竹篾狮头市场份额不断萎缩，传承人老龄化严重。,2026/1/22 15:58,2026/2/14 12:22,1,1
43,民间面塑手艺,小麦面团塑形民俗小摆件，【详情】民间面塑手艺是以小麦面粉、糯米粉为主料，加水调色后手工捏制各种戏曲人物、生肖动物、花卉瓜果、神话角色等小型摆件的传统手工技艺，俗称 “捏面人”。面塑原料制作：将面粉、糯米粉、食盐、防腐剂按比例混合，加开水烫熟并充分揉匀成光滑面团。食盐主要起保湿防裂作用。面团趁热分成小块，调入不同矿物或食用色素（红、黄、蓝、绿、黑、白等）。塑形时，艺人以骨签或竹签作为骨架，将彩色面泥逐一捏、搓、揉、压、挑、滚、拨，从整体到局部逐步成形。人物面塑重点刻画面部表情与衣纹动态，动物面塑讲究动态与神韵。面塑作品尺寸多数在 3 至 10 厘米之间，便携小巧。成品自然阴干后表面坚硬，可长期保存。面塑艺人多在北方庙会、集市、公园门口摆摊，现场捏制，随捏随卖，价格低廉，深受儿童喜爱。传统题材有孙悟空、猪八戒、关公、财神、十二生肖、八仙过海等。与其他非遗不同，面塑门槛相对较低，面团和颜料成本低廉，学习周期较短，因此从业者数量较多，但高水平艺人依然稀缺。面塑目前多数归入省级或市级非物质文化遗产，尚未统一进入国家级名录。市场化方面，面塑已发展为景区文创、DIY 体验课程、幼儿园手工材料包等产品形式。但面塑保存困难，遇潮发霉、干燥开裂、碰撞破碎，是长期难题，部分艺人尝试以树脂、软陶代替面团，但失去了 “面” 的本真性。,2026/1/23 8:37,2026/2/15 13:49,1,1
44,传统缂丝织造,通经断丝高端丝织非遗工艺，【详情】传统缂丝织造是一种 “通经断纬” 的手工丝织工艺，以生丝为经线、彩色熟丝为纬线，在木机上织造，成品花纹正反两面相同，边缘镂空如雕刻，故有 “一寸缂丝一寸金” 之说。工艺流程：首先将生丝按固定密度拉经上机，绷紧于织机前后轴。织造时，用小梭子将各色纬线按图案分段织入，每织一段颜色就剪断换梭，不横穿整个幅宽，形成 “断纬” 效果。图案边缘因纬线回折形成镂空缝隙，即为 “通经断纬”。缂丝可以自由变换颜色，实现极复杂的书画原作复制效果。古代缂丝主要用于宫廷书画装裱（包首、轴头）、龙袍衣袖、屏风、扇面、挂屏、佛像幡帐等。宋代缂丝达到艺术高峰，明代缂丝以宣德、成化年间御用缂丝为精，清代缂丝用于大量宫廷服饰。由于全手工织造且断纬工序繁复，一名熟练缂丝工一天仅能织出几厘米，一件缂丝屏风需耗时数年。2006 年，缂丝织造技艺被列入第一批国家级非物质文化遗产，2009 年入选联合国教科文组织人类非遗。目前国内掌握缂丝全套技艺的匠人不足百人，主要集中在江苏苏州、浙江杭州、湖南长沙等地。缂丝价格极其昂贵，市场极小，全靠高端收藏品与博物馆复刻订单维持。年轻人的培养需数年才能独立上手织造，且收入与付出严重不成比例，后继乏人是缂丝保护面临的最大难题。,2026/1/23 8:48,2026/2/16 16:31,1,1
45,手工油纸伞制作,竹骨棉纸桐油防雨制伞，【详情】手工油纸伞制作是以竹为骨、棉纸为面、涂刷桐油防雨的传统制伞技艺，流传于四川泸州、浙江余杭、云南腾冲、江西婺源、福建福州等地。工艺流程：选五年以上楠竹或毛竹，劈成细竹条，经削刮、打磨、钻孔制成伞骨。伞骨分为长骨（支撑伞面）和短骨（支撑撑开结构），以竹制伞头连接，伞骨数量从 24 根到 48 根不等。伞骨组装后形成伞架，在伞架上糊裱手工棉纸或桑皮纸，糊两层至三层，每层干透后再糊下一层。干燥后，在纸面上绘制花鸟、山水、人物等图案（也可不绘）。最关键的是涂刷桐油：将生桐油熬制成熟桐油（降低粘度、加快干性），用刷子均匀涂刷在伞面，每刷一层晒干后再刷下一层，共刷二至三层。桐油完全干透后，伞面金黄半透明、防水、抗拉、耐腐。最后安装伞柄、伞托、伞带，完成。手工油纸伞既可防雨实用，也是婚嫁喜庆中 “油纸” 谐音 “有子” 的吉祥物，还是江南雨巷、汉服拍照、民俗表演的重要道具。2008 年，油纸伞制作技艺被列入国家级非物质文化遗产。现代雨伞普及后，油纸伞的实用市场基本消失，目前主要依靠旅游纪念、文化演出、婚庆定制、汉服配饰等市场生存。制作一把油纸伞需耗时数天，售价数百元至上千元，远高于普通雨伞，受众有限。,2026/1/24 9:22,2026/2/17 9:15,1,1
46,客家竹蒸笼工艺,细竹拼接日用厨具手工技艺，【详情】客家竹蒸笼工艺是广东梅州、福建龙岩、江西赣州等客家聚居区以竹子为原料，手工制作蒸笼的传统厨具技艺。客家人喜食蒸菜、蒸饭、蒸粿，竹蒸笼是厨房必备品。选材以三年以上毛竹为佳，竹节长、纤维致密。将竹子锯断、破开、刨平，制成宽窄一致的竹片。蒸笼圈壁用整条竹片弯成圆环，接头处用竹销钉固定，不使用铁钉。蒸笼底用细竹条或竹篾编织成网格状，透气均匀。上下圈壁可叠放形成多层蒸笼。笼盖用竹篾编成拱形骨架，外糊纱纸或棕叶。成品竹蒸笼蒸食物时不积水、不串味、透气性好，且竹子本身有淡淡清香。与传统金属蒸笼相比，竹蒸笼蒸出的点心更蓬松、不塌陷、底部不湿。客家竹蒸笼全部依靠竹木咬合与竹销固定，无金属件，防止长期使用生锈污染食物。客家地区许多家庭至今保留使用竹蒸笼的习惯。传统竹蒸笼工艺已列入广东、福建省级非遗，但目前面临的挑战是：现代厨房更青睐不锈钢蒸锅（易清洗、耐用），竹蒸笼需要定期晾晒防霉、清洗后不能浸泡，养护麻烦，年轻家庭购买意愿低。同时，竹蒸笼制作依赖手工弯圈、打销，效率低，年轻人不愿进入这个劳动强度大、利润薄的传统行业。,2026/1/24 9:33,2026/2/18 10:08,1,1
47,传统榨油古法技艺,菜籽花生木槽物理压榨油料，【详情】传统榨油古法技艺是以油菜籽、花生、芝麻、茶籽等油料为原料，通过炒籽、碾粉、蒸坯、包饼、木槽挤压等工序，纯物理方式压榨出油的传统手工艺，俗称 “木榨油”。工艺流程：先将油料倒入铁锅文火炒熟，炒至油香溢出、不焦不糊。炒好的油料用石碾或人力碓臼碾成粗粉。然后将油料粉放入木甑中隔水蒸透，使粉料湿润、升温、油脂流动性增强。蒸好的热粉用稻草包裹，倒入铁圈中踩压成圆饼状，每饼厚约 5 厘米，稻草起到过滤与保持形状的作用。将多个油饼叠放装入木制榨槽中，在油饼一侧插入木楔。最关键的榨油步骤：众人合力推动数米长的撞杆，反复撞击木楔，木楔逐渐楔入挤压油饼，油脂从稻草中缓缓流出，汇入接油槽。每批油饼需反复填楔、撞击数小时，直至油流尽。榨出的原油经静置沉淀去渣，即可食用或储存。古法木榨油香气浓郁，但因未精炼，烟点较低，适合凉拌或低温烹饪。菜籽油、花生油是主要产品。传统榨油在 20 世纪 80 年代前广泛分布于中国乡村，每个乡镇几乎都有一两台木榨机。随着螺旋榨油机、溶剂浸出工艺的普及，木榨油因效率低（一天仅榨两三百斤）、出油率低（比机榨低 5%-10%）、劳动强度大而迅速消亡。目前，传统榨油作为非遗体验项目在少数乡村景点保留，对外展示撞杆榨油的过程，所产木榨油作为旅游商品高价销售。,2026/1/25 10:07,2026/2/19 14:24,1,1
48,黎族树皮布工艺,野生树皮浸泡捶打制布衣料，【详情】黎族树皮布工艺是海南五指山、保亭、白沙等地黎族以野生树皮为原料，经剥皮、浸泡、捶打、去胶、软化、晾晒等工序制成布料的上古纺织技艺，是人类早期 “无纺成衣” 的活化石。原料首选高山榕树或构树，选择树径 20 厘米以上、树皮厚实的老树，在雨季树液充足时剥取整段树皮，剥皮后树木不会死亡，表皮可再生。树皮剥下后卷成筒状，泡入溪水或山泉中数日，使树皮中的胶质与单宁溶出，软化纤维。浸泡后的树皮放在平整木板上，用木槌反复捶打，边捶边翻，捶至树皮纤维松散、面积扩展、厚度变薄，最终形成柔软如布的非织造面料。捶打完成的树皮布呈浅棕色或米黄色，带有天然树皮纹理。黎族传统用树皮布制作男式兜裆布、女式筒裙、腰带、枕头套、被子等，树皮布透气耐磨、防虫防潮，但洗后变硬，需再次捶打恢复柔软。树皮布工艺不种棉、不养蚕、不纺线、不织布，完全依赖热带雨林的树皮资源，是黎族先民在纺织技术出现之前的制衣方式。树皮布已列入国家级非物质文化遗产，黎小花等传承人在景区设立体验工坊，游客可亲手捶打树皮，体验上古制布。但目前野生树皮资源受保护，采剥受限，完全依赖人工种植的构树供应原料，且树皮布完全不防水、透气性不如麻布、穿着舒适度差，已无实际制衣市场，仅存非遗展演与旅游体验价值。,2026/1/25 10:18,2026/2/20 15:56,1,1
49,传统木版年画,梨木刻板套色印刷民俗年画，【详情】传统木版年画是以梨木为雕刻版材，通过手工刻版、矿物颜料套色印刷的年节民俗画，核心产地在陕西凤翔、天津杨柳青、山东潍坊杨家埠、河南朱仙镇、四川绵竹、广东佛山等地。工艺流程：先绘出年画画稿（也称粉本），将画稿反贴于梨木板表面。梨木纹理细密、硬度适中、耐磨损，适合精细刻版。刻版时用平刀、圆刀、斜刀等刻刀，沿线条剔去空白部分，保留凸起的墨线与色块。年画通常需要刻多块版：一块墨线版印轮廓，多块色版分别对应红、黄、蓝、绿等颜色。印刷时，将纸固定在印台上，先印墨线版，再依次套印各色版，每印一色需精准对齐前色，不能错位。颜料传统使用矿物或植物颜料（朱砂、石绿、槐花黄、蓝靛等），加水胶调和。印刷工具为棕刷、棕耙，手工刷色、手工按压。凤翔年画线条粗犷有力、设色大红大绿，题材以门神、灶王、土地、秦琼敬德为主；杨柳青年画工细典雅，擅长娃娃、仕女、吉祥寓意；绵竹年画喜用红配绿，造像夸张。年画每年腊月批量印制，用于春节贴门神、灶王爷、天地爷等民俗活动。2006 年，木版年画被列入第一批国家级非物质文化遗产。目前，传统年画受现代印刷品、春联贴纸的严重冲击，市场份额极小。李全喜等老匠人仍坚持梨木刻版、手工套印，年产量虽高达数十万张但利润微薄，依靠景区年货采购订单维持。年轻学徒极少，年画传承面临断代危险。,2026/1/26 11:41,2026/2/21 11:09,1,1
50,景泰蓝掐丝工艺,铜胎银丝镶嵌矿物釉料烧制，【详情】景泰蓝掐丝工艺（正式名称 “铜胎掐丝珐琅”）是北京宫廷传统手工艺，以紫铜制胎、银丝或扁铜丝掐出花纹、填入矿物釉料后入窑烧制的金属工艺，明清两代为皇家御用，被誉为 “燕京八绝” 之一。工艺流程：紫铜板经剪裁、敲打、焊接制成器型（瓶、罐、炉、盒、盘等）。在铜胎表面设计图案，将扁铜丝或银丝按图样弯折、掐成花纹，用白芨胶或焊药焊接固定在胎体上，形成一个个独立的小格子（即 “掐丝”）。然后在每个小格子内点填矿物釉料（珐琅釉），釉料含石英、长石、硼砂、金属氧化物着色剂。点蓝后入炉以 800℃左右高温烧制，釉料熔化后冷却凝固。因烧制后釉面会下沉，需反复点蓝、烧制三至五次，使釉面与掐丝齐平。烧成后打磨表面使釉面与铜丝平整光亮，最后镀金（镀金液或鎏金）。成品色彩艳丽、宝石般光泽、千年不褪。典型纹样有缠枝莲、龙凤、寿字、八宝、山水人物等。景泰蓝以蓝色釉为基调（钴蓝、天蓝、宝蓝），故得名。明清时期景泰蓝仅供皇宫、寺庙、高官使用，民间不得僭越。2006 年，景泰蓝制作技艺列入第一批国家级非物质文化遗产。目前景泰蓝已走入大众市场，但全手工制作的宫廷级景泰蓝耗工耗时（一件中型瓶需数月），售价高昂。市场上存在大量模具注浆、树脂仿珐琅、喷漆仿镀金等假景泰蓝，严重冲击非遗信誉。,2026/1/26 11:52,2026/2/22 8:33,1,1
51,传统草鞋编织,蒲草稻草手工编织日用鞋履，【详情】传统草鞋编织是以稻草、蒲草、麻绳、布条等廉价材料，手工编织成鞋底与鞋绊的简易鞋履，是中国民间最古老、分布最广的日用鞋类，上世纪 80 年代前农村广泛穿着。草鞋原料全部来自田间地头：南方多用稻草，北方多用蒲草或乌拉草，也有用玉米皮、麻纤维者。编织前，需将干稻草喷水润湿、揉搓软化，编成三股或五股草绳作为经线（鞋底骨架）。将草绳固定在木制草鞋耙（五齿或七齿铁钉）上，以细麻绳为纬线，从鞋头向鞋跟逐股编织，边编边收紧，形成鞋底雏形。编织过程中根据脚型收放宽度，鞋头圆、鞋跟方。鞋底编好后，在两侧及后跟处预留鞋耳（鞋绊），用麻绳穿绕形成套脚结构。草鞋前后各有一对鞋耳，前耳套大脚趾与二脚趾之间，后耳挂脚后跟。草鞋成本几乎为零，材料随地可取，编一双草鞋熟练者只需半小时。草鞋透气防滑、不捂脚、不烧脚，适合稻田、泥地、山路行走，缺点是怕水浸（稻草泡水易烂）、不耐磨。草鞋古时是农民、挑夫、长途行者的标准装备，红军长征时也大量穿着草鞋，因此 “草鞋” 成为艰苦朴素、自力更生的象征。随着胶鞋、塑料凉鞋普及，草鞋在 80 年代末基本退出日常穿着。目前，草鞋编织作为非遗体验项目在少数农耕博物馆、红色旅游景点保留展示，景区会请老人现场编织并低价售卖，购买者多为老年怀旧人群与摄影道具需求。,2026/1/27 12:26,2026/2/23 12:47,1,1
52,传统草编工艺,麦秆玉米皮编织收纳工艺品，【详情】传统草编工艺是以小麦秸秆、玉米皮、稻草、蒲草、马莲草等农作物废弃茎叶为原料，通过编辫、盘绕、缠扎、染色、拼接等手法，编织成筐、篓、篮、垫、包、帽、收纳盒、杯垫、门帘、宠物窝等实用品与工艺品。小麦秸秆需在麦收后趁湿收割、晾干、选段，玉米皮需剥取外层完整硬皮，清洗、晒干、分类存放。使用前将干草料喷水润湿软化，恢复韧性。基础编织技法包括编辫（三股或五股麦秆辫，如同编发辫）、盘绕（将编好的草辫盘成圆形或椭圆形，用线缝固定）、绞编、穿花、包缠等。编好后可染色、印花、加衬里、加五金件等。草编产品环保、透气、轻盈、有天然麦秆香气，成本低廉、原料可再生。山东、河北、河南、江苏、浙江等农业大省均有草编传统，各地形成特色产品：山东莱州草编以玉米皮提篮闻名，河南清丰麦秆编帽，浙江宁波草席，江苏邳州草编收纳盒。上世纪八九十年代，草编制品曾是中国重要的出口创汇产品之一。但自塑料收纳制品泛滥后，草编因防潮性差、清洗不便、易虫蛀而被家庭边缘化。目前，草编主要依赖旅游纪念品市场、生态家居消费、文创展会、DIY 手工材料包等渠道生存，部分高端草编通过时尚设计、天然染色、有机棉衬里等方式提升附加值。草编工艺普遍为农村中老年妇女掌握，技能门槛较低但精巧的大件作品仍需长期训练。目前草编多以省级、市级非遗形式存在，尚未大量进入国家级名录。,2026/1/27 12:37,2026/2/24 13:21,1,1
