news_id,title,content,user_id,status,summary,publish_time,create_time,update_time
1,苏州昆曲大师汪世瑜昆曲进校园公益开课,2025 年 5 月，苏州市文化广电和旅游局联合全市 25 所公办中小学正式启动年度昆曲进校园系统性公益项目，项目周期覆盖全年，计划落地 120 场分批次公益戏曲课堂。国家级昆曲传承人汪世瑜作为项目首席艺术指导，亲自带队昆剧院专业演员走进校园，每堂课包含昆曲基础知识科普、经典选段现场演唱、身段实操教学三大环节，课堂选取《牡丹亭・游园》等经典折子片段进行现场展演，打破传统戏曲距离感。项目同步配套免费戏服、伴奏乐器进校园，课后开设校园昆曲兴趣社团，由院团演员定点每周课后辅导。苏州文旅配套专项扶持资金，用于学员道具采购、演出编排，项目落地后累计覆盖在校中小学生超 4 万人次，成为江苏省戏曲普及标杆项目，相关活动纪实同步录入苏州非遗数字化档案系统。,editor1,published,2025 年 5 月，苏州市文旅局联合 25 所中小学启动昆曲进校园公益项目，国家级传承人汪世瑜任首席艺术指导，项目全年计划落地 120 场公益课堂，覆盖中小学生超 4 万人次，成为江苏省戏曲普及标杆项目。,2025/5/1,2026/6/7 17:00,2026/6/7 17:32
2,景德镇非遗瓷博会开幕，王龙根现场柴窑制瓷展演,2025 景德镇国际陶瓷博览会于 5 月 3 日在景德镇国际会展中心正式启幕，展会为期七天，汇聚国内外陶瓷匠人 320 余名，涵盖仿古柴烧、现代陶艺、日用瓷全品类非遗作品。省级制瓷传承人王龙根受组委会邀请，在非遗专属展区搭建 1:1 缩小版明清古法柴窑，展会全周期每日分上下午两场现场实操演示，完整展示从揉泥拉坯到松木入窑烧制全流程，不少陶瓷爱好者、研学团队专程到场观摩学习。本届瓷博会累计接待海内外游客 12 万人次，现场达成手工瓷产销合作意向百余项，展会结束后，王龙根柴窑展演全程录像由景德镇非遗保护中心存档，纳入本地非遗资源库。,editor1,published,2025 年 5 月 3 日，景德镇国际陶瓷博览会启幕，省级制瓷传承人王龙根受邀搭建 1:1 明清古法柴窑，每日现场演示制瓷全流程，展会累计接待游客 12 万人次，达成合作意向百余项。,2025/5/3,2026/6/7 17:00,2026/6/7 17:43
3,成都蜀绣工坊李淑芬开设免费残障学员培训班,2025 年 5 月，成都市非遗保护中心联合李淑芬蜀绣非遗工坊正式启动助残非遗帮扶项目，项目定位免费技能培训 + 就业安置双向帮扶，首期面向成都市及周边市县肢体残疾、听力障碍人群公开招生，经过筛选最终录取 42 名适龄学员，学制一整年，培训期间所有丝线、绸缎等原材料全部由工坊承担，同时统一提供食宿保障。课程从基础平针起步，循序渐进学习晕针、掺针等蜀绣核心针法，学期结束考核合格者可直接留在工坊接单生产，或者对接本地文创企业灵活就业。成都文旅、残联共同拨付专项扶持经费，用于课程耗材与学员生活补助，首期项目落地后，后续计划每年开设 1-2 期助残绣艺班，助力残障群体依靠非遗手艺增收致富。,editor1,published,2025 年 5 月，成都非遗保护中心联合李淑芬蜀绣工坊启动助残非遗帮扶项目，首期录取 42 名残障学员，培训期间免费提供原材料与食宿，考核合格可直接就业，后续计划每年开设 1-2 期同类培训班。,2025/5/5,2026/6/7 17:00,2026/6/7 17:32
4,安塞腰鼓张卫国艺术团陕北乡村巡回汇演启动,2025 年 5 月起，延安市文旅局乡村非遗扶持项目落地，安塞腰鼓传承人张卫国带领 36 人全职民间艺术团开启陕北县域公益巡回演出，巡演线路覆盖安塞及周边 18 个乡镇，所有场次全部免费面向当地村民开放。演出编排传统方阵腰鼓、小型双人鼓舞等经典节目，穿插腰鼓历史民俗科普小互动，每到一地同步开设简易体验环节，当地孩童可上手尝试击鼓。延安财政配套乡村文旅补贴，承担艺术团交通、食宿与道具维护费用，本轮巡演历时一个半月，累计线下观演群众超两万三千人，有效盘活陕北乡镇民俗文旅氛围。,editor1,published,2025 年 5 月，安塞腰鼓传承人张卫国带领 36 人艺术团开启陕北 18 个乡镇公益巡回演出，所有场次免费开放，配套腰鼓科普与体验环节，累计观演群众超两万三千人。,2025/5/7,2026/6/7 17:00,2026/6/14 12:24
5,北京非遗馆刘庆安古法中药炮制科普展开展,北京市非物质文化博物馆于 5 月 9 日开启为期两个月的传统医药专题科普特展，本次展览以同仁堂古法丸药炮制技艺为核心，特邀省级传承人刘庆安作为常驻现场科普讲师，每周固定周三至周日全天在展区进行药材酒炙、煅制、蜜炼等古法实操演示。展区同步陈列刘庆安个人收藏的 37 册明清炮制古籍原件、传统炮制老器具，配套图文展板科普历朝中医药炮制演变。单日最高峰入馆参观市民突破 3200 人，不少中医药院校组织学生集体研学，展览全部影像、讲解文稿由北京非遗中心整理归档。,editor1,published,2025 年 5 月 9 日，北京非遗博物馆开启传统医药专题科普特展，省级传承人刘庆安常驻现场演示古法炮制，单日最高入馆 3200 人，展览资料全部由北京非遗中心归档。,2025/5/9,2026/6/7 17:00,2026/6/7 17:44
6,青海玉树格萨尔史诗非遗下乡巡演圆满结束,2025 年 4 月 13 日至 5 月 11 日，历时 28 天的格萨尔史诗牧区公益巡演在玉树全域圆满收官，国家级传承人才让旦周带队深入玉树 13 个游牧乡镇，每到一处选择牧民聚居草场搭建临时演出点位，以藏语口头说唱全本史诗精选段落，搭配本土弹拨乐器现场伴奏。本次巡演由青海省非遗专项资金扶持，累计有数万名藏族牧民到场聆听，巡演全程配备摄制团队，同步完成多场次现场录音、高清录像，素材全部录入青海省非遗数字博物馆永久保存，巡演结束后在玉树州文化馆举办史诗成果分享会。,editor1,published,2025 年 4 月 13 日至 5 月 11 日，格萨尔史诗牧区公益巡演在玉树收官，国家级传承人才让旦周带队深入 13 个游牧乡镇，累计数万名牧民到场聆听，巡演素材全部录入青海非遗数字博物馆。,2025/5/11,2026/6/7 17:00,2026/6/7 17:32
7,嵊州越剧传承人陈月华社区越剧学堂正式开班,2025 年 5 月 13 日，由陈月华自费筹建的社区越剧学堂在浙江嵊州正式揭牌开课，学堂选址城区老旧社区闲置用房，改造标准化练功教室，配齐全套传统戏服、锣鼓弦乐伴奏器材。首期经过社会公开报名筛选 126 名中老年戏曲爱好者，固定每周二、周四、周六全天授课，课程包含唱腔教学、身段练习、经典剧目排练三大板块。嵊州市文旅局免费提供部分戏曲剧本与教学物资，学堂每季度组织一次社区惠民演出，丰富本地中老年文娱生活，成为嵊州基层戏曲传承标杆阵地。,editor1,published,2025 年 5 月 13 日，陈月华自费筹建的社区越剧学堂在嵊州开班，首期录取 126 名中老年学员，固定每周三天授课，每季度组织社区惠民演出，成为当地基层戏曲传承标杆。,2025/5/13,2026/6/7 17:00,2026/6/7 17:32
8,佛山石湾陶艺非遗研学营暑期报名开启,5 月 15 日，广东佛山市非遗保护中心联合梁炳昌石湾陶艺作坊发布暑期少儿陶艺研学招生通知，研学每期 5 天，分上午理论科普 + 下午动手实操，小朋友从黏土搓泥开始，体验人物小陶塑塑形、低温入窑烧制完整流程，全年固定开设 12 期研学班次。研学产品纳入佛山亲子文旅目录，面向全国线上统一预约报名，研学营收部分反哺非遗技艺传承，用于原料采购与学徒补贴。,editor1,published,2025 年 5 月 15 日，佛山非遗保护中心联合梁炳昌陶艺作坊发布暑期少儿陶艺研学招生通知，研学每期 5 天，全年开设 12 期，面向全国线上预约报名。,2025/5/15,2026/6/7 17:00,2026/6/7 17:32
9,苏州苏绣周秀珍双面绣作品入选国家级非遗馆藏,苏绣国家级传承人周秀珍耗时 18 个月倾力创作的双面异色熊猫屏风正式被中国工艺美术馆永久收藏，作品选用 20 余种特制天然桑蚕丝线，正反画面熊猫配色、纹样完全独立，是当代双面绣标杆作品。苏州文旅联合工艺美术协会举办作品入藏发布会，同步对作品全流程创作历程、针法细节做专题记录，资料纳入苏绣非遗档案，周秀珍受邀在国内多场工艺美术论坛分享创作经验。,editor1,published,苏绣国家级传承人周秀珍耗时 18 个月创作的双面异色熊猫屏风，正式被中国工艺美术馆永久收藏，作品创作资料纳入苏绣非遗档案，周秀珍受邀在多场行业论坛分享经验。,2025/5/17,2026/6/7 17:00,2026/6/7 17:32
10,宝鸡凤翔泥塑王栓柱生肖新品亮相全国文旅博览会,5 月 19 日济南全国文旅产业博览会正式开幕，凤翔泥塑传承人王栓携当年龙年生肖系列泥塑新品参展，现场设置手工泥塑体验台，参观者可亲手体验黏土塑形彩绘。展会期间单日现货零售民俗泥塑摆件超 2000 件，同步和三家文旅文创公司达成长期供货合作，拓宽凤翔泥塑全国市场化销售渠道，宝鸡非遗中心现场采集创作影像存档。,editor1,published,2025 年 5 月 19 日，凤翔泥塑传承人王栓柱携龙年生肖新品亮相全国文旅博览会，单日零售超 2000 件，与三家文创公司达成长期供货合作，拓宽全国销售渠道。,2025/5/19,2026/6/7 17:00,2026/6/7 17:32
11,扬州马桂兰螺钿漆器复刻故宫文物完工,历时 8 个月，扬州非遗传承人马桂兰承接的故宫小型螺钿陈设器复刻项目全部完工，严格依照故宫馆藏原件尺寸、古法髹漆嵌贝工艺一比一复原，成品经过文博专家多轮验收后正式移交故宫博物院入库收藏。扬州市文旅局组织项目完工专题研讨会，记录整套复刻工艺细节，形成非遗技艺档案留存。,editor1,published,扬州非遗传承人马桂兰耗时 8 个月完成故宫小型螺钿陈设器复刻项目，成品经专家验收后移交故宫博物院入库收藏，项目工艺细节形成非遗技艺档案留存。,2025/5/21,2026/6/7 17:00,2026/6/7 17:32
12,东阳葛金水带队修缮浙江古建木雕门窗,5 月起，国家级东阳木雕匠人葛金水带领 12 名专业木雕学徒，正式进驻衢州某处明清古民居修缮现场。此次修缮由浙江古建筑保护专项资金拨付，重点针对腐朽、虫蛀严重的门窗雕花构件。葛金水严格按照 “修旧如旧” 原则，依残存纹样复刻图纸，全程采用传统手工雕刻技法，不借助任何电动工具。从粗坯打制到细部开脸，每一道工序皆由匠人手工完成。施工期间，项目组对全过程进行图文记录与影像拍摄，所有资料最终整理归档，作为浙江省古建修复标准化工程的重要案例。葛金水表示，这样的实战现场也是最好的教学课堂，学徒在修复中成长，手艺在刀尖上传承。,editor1,published,2025 年 5 月，国家级东阳木雕匠人葛金水带领 12 名学徒进驻衢州明清古民居修缮现场，严格遵循 “修旧如旧” 原则，全程手工雕刻完成门窗雕花构件修复，项目资料整理为浙江古建修复标准化案例。,2025/5/23,2026/6/7 17:00,2026/6/7 17:32
13,福鼎白茶林福生古树茶园采摘节开幕,5 月 25 日，福建福鼎古树白茶开园采摘民俗节在高山古树茶园正式举办。传承人林福生亲自主持开幕仪式，并在现场向来自全国各地的茶商、茶文化研学团队演示百年茶树鲜叶的日光自然萎凋古法工艺。他将竹匾置于露天茶架，鲜叶薄摊均匀，依靠日光与风力逐步走水、萎凋，全程不炒不揉。参与者不仅能亲眼见证白茶从采摘到初制的转变，还可亲手体验采茶、摊晾过程。福鼎文旅同步录制此次采茶民俗纪实视频，用于后续非遗宣传。林福生表示，开园节不仅是茶叶生产的开始，更是让外界了解白茶古法、感受茶山文化的重要窗口。,editor1,published,2025 年 5 月 25 日，福建福鼎古树白茶开园采摘民俗节举办，传承人林福生现场演示日光自然萎凋古法工艺，全国茶商与研学团队到场参与，活动纪实视频用于非遗宣传。,2025/5/25,2026/6/7 17:00,2026/6/7 17:32
14,宜兴顾景明紫砂研学基地面向全国开放预约,5 月 27 日，顾景明将自家紫砂手拉坯工坊全面改造为标准化的非遗研学基地，并正式对外开放线上预约。基地保留传统泥凳、转盘、石磨等老工具，同时设置完整的体验动线：从原矿泥料展示、手工揉泥、拉坯成型，到阴干修坯、刻字装饰，游客可全程参与。基地实行小班制教学，每场限流 15 人，由顾景明或其高徒亲自指导。该基地已被宜兴文旅局列为官方推荐非遗打卡点位，开放首周即吸引来自上海、南京、杭州等地上百名预约者。顾景明希望通过这种开放式的体验，让更多人亲手感受 “泥与火” 的艺术，真正理解紫砂壶背后的匠心。,editor1,published,2025 年 5 月 27 日，顾景明改造的紫砂非遗研学基地正式开放线上预约，基地设置完整的紫砂制作体验动线，实行小班制教学，被宜兴文旅局列为官方推荐非遗打卡点位。,2025/5/27,2026/6/7 17:00,2026/6/7 17:32
15,唐山皮影赵凤莲冀东老腔抢救录音项目落地,5 月 29 日，唐山非遗中心联合皮影匠人赵凤莲，正式启动濒临失传的冀东皮影老腔数字化抢救工程。首轮录音拍摄工作于当日完成，内容包括赵凤莲本人演唱的《五峰会》《青云剑》等老腔选段，以及完整伴奏锣鼓点、唱词文本。所有音视频原件经过加密处理，存入河北省非遗云端数据库，实现永久保存。赵凤莲在录音过程中反复调整气息与咬字，力求保留上世纪中期冀东皮影最原始的唱腔味道。她表示，皮影不能只剩下影人道具，那些苍劲悲凉的老腔才是灵魂。数字化只是第一步，未来还需培养能唱能演的年轻一代。,editor1,published,2025 年 5 月 29 日，唐山非遗中心联合赵凤莲启动冀东皮影老腔数字化抢救工程，首轮完成经典老腔选段录音拍摄，所有音视频存入河北省非遗云端数据库永久保存。,2025/5/29,2026/6/7 17:00,2026/6/7 17:32
16,黄山徽墨胡墨卿古法炼烟技艺纪录片开拍,5 月 31 日，黄山市文旅局联合纪录片摄制组正式开拍《古法徽墨》专题片，全程跟拍传承人胡墨卿从选桐油、炼烟、收烟、和胶、杵捣、压模到阴干描金的完整制墨工序。摄制组在制墨工坊架设多机位，连续跟拍七天，记录下胡墨卿秋季炼烟时的火光、烟尘与锤墨声。胡墨卿在镜头前逐一讲解古法工艺的关键节点，例如炼烟时火候的控制、杵捣时力道的轻重、阴干时湿度的把握。该纪录片完成后将用于非遗宣传、学校教材及文旅展播。胡墨卿表示，制墨是寂寞的手艺，但如果有更多人通过影像了解徽墨，这门手艺就不会断代。,editor1,published,2025 年 5 月 31 日，黄山市文旅局联合摄制组开拍《古法徽墨》专题片，全程跟拍胡墨卿完整制墨工序，纪录片将用于非遗宣传、学校教材及文旅展播。,2025/5/31,2026/6/7 17:00,2026/6/7 17:32
17,贵州凯里苗蜡染王阿妹村寨传习所落成,6 月 1 日，由黔东南州政府专项资金出资修建的苗蜡染村寨传习所正式落成。该传习所选址于王阿妹所在的苗族村寨，建筑面积约 120 平方米，设有画蜡操作台、染缸区、晾布架、原料库房及作品展示区。本土匠人王阿妹常驻传习所，全天候免费教授村寨适龄少女从熬蜡、画蜡、浸染到脱蜡的全套苗蜡染技艺。她坚持使用传统蜂蜡与蓝靛植物染料，不采用任何化学替代品。王阿妹表示，传习所的建成让她不必再走村串户教课，孩子们也有了固定学习手艺的地方。未来她计划每月举办一次蜡染作品交流活动，让这门手艺真正活在山寨里。,editor1,published,2025 年 6 月 1 日，黔东南州政府出资修建的苗蜡染村寨传习所落成，王阿妹常驻传习所，全天候免费教授村寨少女全套苗蜡染技艺，坚持使用传统天然染料。,2025/6/1,2026/6/7 17:00,2026/6/7 17:32
18,泉州洪少春提线木偶端午专场巡演闽南,6 月端午假期期间，洪少春提线木偶剧团开启泉州、厦门、漳州三市沿街公益巡演，每日三场，场场爆满。经典剧目《大闹天宫》成为本次巡演的主打节目，孙悟空七十二变、腾云驾雾等桥段行云流水，配合锣鼓唢呐，引得沿途市民纷纷驻足围观，单场观众超过千人。泉州文旅局安排专人全程拍摄巡演素材，用于闽南民俗文化纪录片制作。洪少春在巡演中既负责木偶操纵，又兼顾唱腔配唱，汗水浸透戏服却始终坚持不用录音替代。他表示，端午巡演是闽南老规矩，再累也要坚持真人唱、真线提，这才是木偶戏的魂。,editor1,published,2025 年端午假期，洪少春提线木偶剧团开启闽南三市公益巡演，主打剧目《大闹天宫》场场爆满，单场观众超千人，巡演素材用于闽南民俗文化纪录片制作。,2025/6/2,2026/6/7 17:00,2026/6/7 17:32
19,凤翔李全喜木版年画春节预产订单爆满,6 月 3 日，距离农历春节尚有半年多，凤翔木版年画匠人李全喜已提前三个月启动梨木刻板备货工作。他全年计划印制三十万张传统年画，涵盖门神、灶王、秦琼敬德、吉祥娃娃等经典题材。截至目前，全国各大景区的年货采购订单已全部敲定，主要客户包括西安回民街、成都宽窄巷子、平遥古城等文旅街区。凤翔非遗办安排专人跟进年画生产全流程，从刻版、调色、套印到晾晒、包装，逐一记录存档。李全喜表示，机器印得快但不耐看，木版年画的刀痕与色晕是机器做不到的。哪怕订单再多，他也要坚持一张一张手工套印。,editor1,published,2025 年 6 月 3 日，凤翔木版年画匠人李全喜提前启动春节备货工作，全年计划印制 30 万张传统年画，全国各大景区年货采购订单已全部敲定，全程坚持手工套印。,2025/6/3,2026/6/7 17:00,2026/6/7 17:32
20,云南个旧寸建军锡器非遗入驻大理古城商铺,6 月 4 日，云南非遗扶持项目正式落地，寸建军手工锡器体验门店落户大理古城。门店采用前店后厂布局，前厅陈列茶壶、酒器、香炉等上百种锡器成品，后场设置现场錾刻体验区。游客可在匠人指导下，亲手体验剪料、锻打、錾刻等基础工序，完成一件刻有自己名字的小型锡器。开业首周，日均接待体验者超过 80 人次，成为古城新晋非遗消费热点。滇南文旅部门将此次门店落地作为锡艺市场化典型案例，整理经验材料上报。寸建军表示，锡器既要保留祖传手艺，也要适应景区游客的体验需求，这门手艺才能真正走下去。,editor1,published,2025 年 6 月 4 日，寸建军手工锡器体验门店落户大理古城，设置成品展示区与现场錾刻体验区，开业首周日均接待体验者超 80 人次，成为古城新晋非遗消费热点。,2025/6/4,2026/6/7 17:00,2026/6/7 17:32
21,菏泽鲁锦张秀莲乡村织布课堂走进乡镇小学,6 月 5 日，张秀莲携带全套老式土织布机，先后走进菏泽市多所乡镇小学，开展 “非遗进校园” 主题活动。她现场演示从棉花搓条、纺线、络线、经线到上机织造的全过程，并邀请学生亲手推动梭子、踩踏织机踏板。山东菏泽教育局随后将鲁锦纺织科普内容纳入地方校本课外课程，计划每学期至少安排两节实践课。张秀莲表示，乡镇小学的孩子离土地最近，也最应该知道老辈人是怎么把棉花变成布的。她不收讲课费，只希望这架老织机还能在孩子们面前转起来。,editor1,published,2025 年 6 月 5 日，张秀莲携带老式土织布机走进菏泽多所乡镇小学，开展非遗进校园活动，现场演示完整纺织流程，鲁锦纺织科普内容被纳入当地校本课外课程。,2025/6/5,2026/6/7 17:00,2026/6/7 17:32
22,天津泥人张张宝林暑期彩塑公益课堂招生,6 月 6 日，天津非遗馆联合泥人张第六代传人张宝林，正式发布暑期少儿彩塑公益班招生公告。本次公益班分六期开设，每期限额 50 名，面向全市 8 至 15 岁中小学生，全程免费。课程内容包括黏土揉制、捏塑基础、人物五官塑造、矿物颜料彩绘等环节，由张宝林亲自授课。开课首日报名通道开启不到两小时即满额。张宝林表示，泥人张不传外人的老规矩早该打破，手艺要活下来，就得让更多孩子从小捏泥巴、爱上泥塑。他还计划从每期学员中选拔有天赋者，进入长期培养通道。,editor1,published,2025 年 6 月 6 日，天津非遗馆联合张宝林发布暑期少儿彩塑公益班招生公告，公益班分六期，每期限额 50 名，全程免费，报名通道开启两小时即满额。,2025/6/6,2026/6/7 17:00,2026/6/7 17:32
23,龙泉青瓷叶长青宋代龙窑复原烧制试验成功,6 月 7 日，叶长青耗时两年依照宋代窑炉遗址图纸复原的龙窑，首次进行松木柴烧并成功开窑。此次烧制以松木为燃料，严格遵循宋代 “一烧一休” 的龙窑工艺，出窑的青瓷呈现出典型的粉青、梅子青釉色，釉面温润如玉。龙泉青瓷文化园随即宣布，将把该龙窑纳入固定节庆活动，每年春秋两季举办开窑仪式，向游客开放参观。叶长青在开窑现场激动地说，龙窑不是老古董，它是活着的窑，柴烧的青瓷跟气烧完全不一样。他把这次成功视为四十三年手艺生涯中最重要的一次实验。,editor1,published,2025 年 6 月 7 日，叶长青耗时两年复原的宋代龙窑首次松木柴烧成功，出窑青瓷呈现典型的宋代粉青、梅子青釉色，该龙窑将纳入固定节庆活动，每年春秋两季举办开窑仪式。,2025/6/7,2026/6/7 17:00,2026/6/7 17:32
24,安溪陈清发铁观音手工摇青技艺申报省级非遗,6 月 8 日，陈清发手工摇青制茶技艺正式向福建省文旅厅提交省级非物质文化遗产申报材料。申报材料包括技艺源流、操作规范、传承谱系、现场影像等，由安溪茶产业协会协助系统整理。手工摇青是铁观音 “兰花香、观音韵” 形成的关键工序，陈清发坚持 “看青摇青、看天摇青”，不依赖机器做青。他在申报陈述中写道：摇青不是力气活，是分寸活，轻重缓急全在手上感觉。一旦失传，铁观音就只剩机器味了。目前申报已进入专家评审阶段。,editor1,published,2025 年 6 月 8 日，陈清发手工摇青制茶技艺正式向福建省文旅厅提交省级非遗申报材料，申报材料由安溪茶产业协会协助整理，目前已进入专家评审阶段。,2025/6/8,2026/6/7 17:00,2026/6/7 17:32
25,成都周明山川剧变脸非遗全国巡演开启,6 月起，周明山川剧团正式开启全国 20 城巡回演出，涵盖北京、上海、广州、深圳、杭州、西安等主要城市。每场演出均以川剧变脸、吐火作为压轴节目，周明山亲自登台，在一分钟内完成十余张脸谱的快速切换，并配合喷火特技，场场引发观众惊呼。巡演主办方同步推出变脸文创周边，包括脸谱面具、书签、T 恤等，助力川剧非遗全国破圈传播。周明山表示，变脸不能只留在成都的小剧场里，走出去让更多人看到，才是真正的传承。,editor1,published,2025 年 6 月起，周明山川剧团开启全国 20 城巡回演出，每场以川剧变脸、吐火为压轴节目，场场引发观众惊呼，同步推出变脸文创周边，助力川剧全国破圈传播。,2025/6/9,2026/6/7 17:00,2026/6/7 17:32
26,榆林刘巧花陕北剪纸助力乡村文创产品开发,6 月 10 日，刘巧花与本地文创企业正式签署合作协议，将陕北窗花、喜花、生肖剪纸等传统纹样应用于帆布包、书签、笔记本、丝巾等产品设计。首批文创产品已在榆林非遗超市上架，并依托乡村电商平台线上销售。刘巧花亲自参与纹样授权与图案筛选，确保剪纸风格不被过度商业化篡改。她表示，剪纸不能只贴在窗户上，也要走进年轻人的生活里。此次合作预计年内为当地村民带来超过 50 个手工裁剪辅助岗位，实现非遗增收与技艺传播的双赢。,editor1,published,2025 年 6 月 10 日，刘巧花与本地文创企业签署合作协议，将陕北剪纸传统纹样应用于多款文创产品设计，首批产品已上架销售，预计年内带动当地 50 余个就业岗位。,2025/6/10,2026/6/7 17:00,2026/6/7 17:32
27,大理段金花白族扎染研学基地正式挂牌,6 月 11 日，段金花扎染工坊正式挂牌为州级非遗研学基地，成为大理首个以扎染为主题的官方认证研学场所。基地全年常态化接待全国各地研学团队，固定开设捆扎、夹板、针缝、板蓝根植物染色等 DIY 体验课程，每场可同时容纳 40 人学习。段金花亲自讲授从建靛池、种蓝草到发酵染料的完整流程。挂牌首月，已接待来自北京、上海、广东等地的研学团队超过 20 批次。段金花表示，研学不是表演，是要让学生真的动手扎、亲手染，看到白布变成蓝白花纹的那一刻，他们就会记住扎染。,editor1,published,2025 年 6 月 11 日，段金花扎染工坊正式挂牌为大理州级非遗研学基地，全年常态化接待全国研学团队，开设多门扎染 DIY 体验课程，挂牌首月接待研学团队超 20 批次。,2025/6/11,2026/6/7 17:00,2026/6/7 17:32
28,霍山郑老山石斛炮制产品入驻安徽各大中药馆,6 月 12 日，郑老山古法石斛枫斗完成标准化包装，正式批量入驻安徽全省连锁中医药门店，包括合肥、芜湖、蚌埠、安庆等主要城市。该产品严格遵循 “十八道工序” 古法，采用三年生霍山石斛茎条手工卷制、炭火慢烘，不添加任何辅料。郑老山亲自把控每批次产品的色泽与断面光泽。作为大别山道地药材非遗产业化的标杆案例，此次入驻预计年销售额可突破两百万元，带动周边药农规范种植。郑老山表示，非遗不能只靠政府补贴，要自己能造血，产品进药房是第一步。,editor1,published,2025 年 6 月 12 日，郑老山古法石斛枫斗正式批量入驻安徽全省连锁中医药门店，产品严格遵循古法工艺，此次入驻预计年销售额突破两百万元，带动周边药农规范种植。,2025/6/12,2026/6/7 17:00,2026/6/7 17:32
29,通辽那日苏蒙医正骨下乡免费义诊活动,6 月 13 日，那日苏再次驱车数百公里，深入内蒙古通辽市下属草原牧区，开展每月一次的免费骨伤义诊。他携带夹板、蒙药药包及简易 X 光机，为行动不便的老年牧民提供正骨复位、关节矫正、风湿敷药等服务，全天接诊超过 40 人次。同步进行的还有民间偏方收集工作，那日苏逐一走访散居牧户，用录音笔记录老蒙医口述的药方与用法，并当场建立纸质与电子双档案。他表示，很多偏方连文字记录都没有，再不收就彻底断了。治病是医者的本分，留方是对后人的交代。,editor1,published,2025 年 6 月 13 日，那日苏深入通辽草原牧区开展免费骨伤义诊，全天接诊超 40 人次，同步收集整理民间蒙医偏方，建立纸质与电子双档案，抢救濒临失传的蒙医药遗产。,2025/6/13,2026/6/7 17:00,2026/6/7 17:32
30,湘西石老三苗药草药资源普查工作启动,6 月 14 日，湘西非遗中心联合苗医石老三，正式启动湘西山区野生药用植物资源普查项目。项目计划全年整理三百余种本土草药的形态、分布、功效及采集禁忌，并建立湘西苗药资源数据库。石老三带领年轻苗医徒步进入武陵山脉深处，现场采样、拍照、压制标本，并口述每味药材的采摘季节与炮制方法。普查成果将用于苗药标准化研究与非遗申报。石老三说，苗药都在山上，年轻人不认得，草药就变成杂草了。他希望在闭眼之前，能把这座草药宝库留给后人。,editor1,published,2025 年 6 月 14 日，湘西非遗中心联合石老三启动湘西野生药用植物资源普查项目，计划全年整理三百余种本土草药信息，建立苗药资源数据库，普查成果将用于苗药标准化研究与非遗申报。,2025/6/14,2026/6/7 17:00,2026/6/7 17:32
31,佛山黄锦洪南狮扎作技艺入选广东研学课程,6 月 15 日，南狮竹篾扎作工艺正式编入广东省中小学非遗校本教材，成为劳动与手工课程的一部分。黄锦洪受邀作为课程顾问，定期进入广州、佛山、东莞等地中小学，开设迷你狮头手工体验课，教学生从扎竹篾骨架、糊纱纸到上色装饰。每节课结束时，孩子们都能举着自己扎的小狮头在操场上舞动。黄锦洪表示，南狮不光是比赛和表演，孩子们亲手扎一个狮头，比看十场醒狮更懂什么叫非遗。该课程预计每年覆盖广东上百所学校、近万名学生。,editor1,published,2025 年 6 月 15 日，南狮竹篾扎作工艺正式编入广东省中小学非遗校本教材，黄锦洪受邀作为课程顾问，定期进入中小学开设迷你狮头手工体验课，课程预计每年覆盖近万名学生。,2025/6/15,2026/6/7 17:00,2026/6/7 17:32
32,沈阳王桂芝东北秧歌组队参加全国民俗大赛,6 月 16 日，王桂芝带领沈阳秧歌代表队赴河北参加全国民俗舞蹈大赛。凭借整齐划一的步伐、富有感染力的扇子花、热烈奔放的扮相，秧歌队从全国三十余支队伍中脱颖而出，斩获团体金奖。赛后，王桂芝率队在沈阳多个社区开展惠民汇报演出，每场演出结束都会留在广场免费教市民扭秧歌。她表示，拿奖不是目的，让更多人扭起来才是。从比赛舞台到社区广场，王桂芝用一把扇子、一朵手绢花，把东北秧歌的快乐传递给了最普通的老百姓。,editor1,published,2025 年 6 月 16 日，王桂芝带领沈阳秧歌代表队参加全国民俗舞蹈大赛，斩获团体金奖，赛后在沈阳多个社区开展惠民汇报演出，免费教市民扭秧歌，传递东北秧歌的快乐。,2025/6/16,2026/6/7 17:00,2026/6/7 17:32
33,拉萨卓玛锅庄舞社区推广项目落地,6 月 17 日，拉萨文旅局正式在 12 个主城区社区落地 “晚间锅庄课堂” 免费推广项目。传承人卓玛作为核心授课老师，每晚轮流到不同社区领舞教学，从基本步伐 “三步一撩” 到长袖动作、队形变换，一步步分解演示。每天傍晚八点，社区广场上准时响起藏歌，男女老少围着卓玛围成圆圈，边唱边跳。卓玛表示，锅庄是藏族人骨子里的舞蹈，不能在广场舞时代丢掉自己的步伐。该项目每晚参与人数累计超过千人，成为拉萨市民夜间文化生活的新亮点。,editor1,published,2025 年 6 月 17 日，拉萨文旅局在 12 个主城区社区落地 “晚间锅庄课堂” 免费推广项目，卓玛作为核心授课老师，每晚轮流到社区领舞教学，项目每晚参与人数累计超千人。,2025/6/17,2026/6/7 17:00,2026/6/7 17:32
34,西双版纳玉喃罕孔雀舞傣历新年专场演出,傣历泼水节开幕式上，玉喃罕作为官方首席表演艺术家，在万人主舞台领衔演出孔雀舞专场。她身着仿孔雀羽衣，在象脚鼓与铓锣的节奏中舒展双臂、轻柔旋转，将孔雀梳羽、晒翅、饮水、抖尾等动态演绎得惟妙惟肖。整场演出持续近一小时，上万名各族群众及游客到场观演。西双版纳文旅局全程录制演出存档，并计划将该视频作为傣族非遗对外宣传片。玉喃罕表示，孔雀舞不是简单的模仿鸟，而是傣家人对美与圣洁的最高敬意。,editor1,published,傣历泼水节开幕式上，玉喃罕在万人主舞台领衔演出孔雀舞专场，整场演出持续近一小时，上万名群众及游客到场观演，演出全程被录制存档，作为傣族非遗对外宣传片。,2025/6/18,2026/6/7 17:00,2026/6/7 17:32
35,怀化吴大山傩面雕刻新品亮相湘西非遗展,6 月 19 日，吴大山全新创作的桃木傩神面具系列作品亮相湘西非遗博览会。此次展出的面具包括傩公、傩母、开山、二郎神等传统形象，采用老桃木一刀一凿手工雕刻，面具或狰狞、或威严、或诙谐，须发皆动、眼神慑人。展会现场还安排了原生态傩舞表演，演员佩戴吴大山的面具，伴随牛角号与鼓声跳跃起舞，还原了上古驱鬼逐疫的祭祀场景。吴大山表示，傩面不是工艺品，是神的脸，不能随便刻。每刻一张面具前，他都要净手焚香，这是规矩。,editor1,published,2025 年 6 月 19 日，吴大山全新创作的桃木傩神面具系列作品亮相湘西非遗博览会，展会现场同步安排原生态傩舞表演，还原上古祭祀场景，吴大山表示傩面雕刻有严格的传统规矩。,2025/6/19,2026/6/7 17:00,2026/6/7 17:32
36,巴音郭楞巴图江格尔史诗草原那达慕汇演,新疆那达慕大会开幕当天，巴图在草原主舞台上以马头琴自拉自唱，完整演绎《江格尔》英雄史诗选段。他的嗓音苍凉浑厚，唱至江格尔汗率十二勇士冲锋陷阵时，琴声急促如马蹄踏地；唱至宝木巴家园宁静祥和时，琴声悠扬如草原夜风。全场数千名牧民与游客静坐聆听，不少人眼眶湿润。大会组委会现场收录了实况音频，计划作为蒙古族非遗代表性作品永久保存。巴图表示，江格尔不是背词念稿，是祖先在嗓子里的回声。,editor1,published,新疆那达慕大会开幕当天，巴图在草原主舞台自拉自唱《江格尔》英雄史诗选段，全场数千名牧民与游客静坐聆听，实况音频被收录作为蒙古族非遗代表性作品永久保存。,2025/6/20,2026/6/7 17:00,2026/6/7 17:32
37,克孜勒苏阿依古丽玛纳斯史诗数字化录制,6 月 21 日，阿依古丽在新疆非遗保护中心完成全本《玛纳斯》史诗的高清数字化录制。她连续三天每天演唱数小时，完整记录下史诗前四部的唱词、曲调及库姆孜琴伴奏，总时长超过二十个小时。所有音视频文件经整理后存入新疆非遗数字博物馆，实现永久馆藏。阿依古丽在录制中坚持不用提词器，全部凭记忆一气呵成。她表示，玛纳斯是柯尔克孜族的命根子，这部史诗录下来，子子孙孙都能听到祖辈的声音。,editor1,published,2025 年 6 月 21 日，阿依古丽完成全本《玛纳斯》史诗的高清数字化录制，总时长超二十小时，所有音视频文件存入新疆非遗数字博物馆永久馆藏，录制全程凭记忆一气呵成，未使用提词器。,2025/6/21,2026/6/7 17:00,2026/6/7 17:32
38,北京闫卫国景泰蓝非遗走进首都高校美育课堂,6 月 22 日，闫卫国受清华大学、北京大学等高校邀请，正式开设景泰蓝手工选修课。课程内容包括铜胎制胎、扁铜丝掐花、焊丝、点蓝、烧蓝、磨光、镀金等核心工序，每节课均有实操环节。闫卫国在清华美院课堂上手把手教学生用镊子弯折铜丝，拼出一朵简单的牡丹花。他表示，宫廷珐琅工艺过去只在工坊里传，现在走进大学课堂，是好事。很多学生第一次接触景泰蓝，才知道那层蓝色不是颜料，是高温烧出来的玻璃质釉料。该课程每学期限招 30 人，每次开课均秒光。,editor1,published,2025 年 6 月 22 日，闫卫国受清华、北大等高校邀请，正式开设景泰蓝手工选修课，课程包含景泰蓝制作全流程核心工序与实操环节，每学期限招 30 人，每次开课均秒光。,2025/6/22,2026/6/7 17:00,2026/6/7 17:32
39,青神周竹青竹编茶具新品上市远销江浙沪,6 月 23 日，周竹青超细竹丝便携茶具系列正式量产上市。该系列包括茶杯、茶壶、茶托、茶叶罐，全由慈竹丝手工编织成型，外覆天然生漆，既防水又不失竹材本色。产品定位轻便、易携带，适合差旅及户外使用。首批上市后迅速在苏州、杭州、上海等地的茶空间及文创店热销，一个月内出货超过两千套。周竹青表示，竹编不能只做篮筐，要进茶席。他希望通过这把竹编壶，让年轻人重新认识青神竹编。,editor1,published,2025 年 6 月 23 日，周竹青超细竹丝便携茶具系列正式量产上市，产品全手工编织成型，外覆天然生漆，首批上市后在江浙沪地区热销，一个月内出货超两千套。,2025/6/23,2026/6/7 17:00,2026/6/7 17:32
40,湖州沈笔农湖笔古法技艺影像采集工作完成,6 月 24 日，湖州非遗中心宣布完成对沈笔农全流程制笔技艺的影像采集工作。摄制组跟拍近两个月，从羊毛、黄鼠狼毛的逐根筛选、分类、水盆齐毫，到压毫、圆笔、修笔、上胶、装杆，共计记录上百道工序。所有素材将用于制作教学视频、展览展示及申报国家级非遗的支撑材料。沈笔农在水盆前日复一日择毛的身影，被镜头一一捕捉。他表示，湖笔是功夫活，机器代替不了择毛那双手。有了这套影像，至少后人知道一支好笔是怎么做出来的。,editor1,published,2025 年 6 月 24 日，湖州非遗中心完成对沈笔农全流程制笔技艺的影像采集工作，跟拍近两个月，记录上百道制笔工序，所有素材将用于教学视频、展览展示及国家级非遗申报。,2025/6/24,2026/6/7 17:00,2026/6/7 17:32
41,泾县曹顺安古法宣纸春捞开工仪式举办,6 月 25 日，泾县春季古法宣纸开工祭祀仪式在曹顺安纸坊举行。曹顺安身着传统服装，祭拜纸槽、纸帘与山泉，祈求一年抄纸顺利。仪式后，他现场演示了青檀皮浆与草浆的配比、竹帘抄纸、压榨去水、火墙烘干等工序，各地书画名家到场见证。开工素材经整理后入安徽非遗档案。曹顺安表示，宣纸是书画的底子，底子不好，画家功夫白费。他坚持只用山泉活水抄纸，不用自来水，这是对百年老字号的交代。,editor1,published,2025 年 6 月 25 日，泾县春季古法宣纸开工祭祀仪式在曹顺安纸坊举行，曹顺安现场演示古法宣纸制作全流程，各地书画名家到场见证，开工素材整理后入安徽非遗档案。,2025/6/25,2026/6/7 17:00,2026/6/7 17:32
42,济南刘长顺山东梆子新排传统历史大戏,6 月 26 日，刘长顺带领民间剧团新排大型山东梆子历史剧目《烽火鲁西南》，并在济南多个社区开展公益巡回演出。全剧以梆子腔高亢激越的唱腔为特色，刘长顺亲自主演老生角色，唱念做打一丝不苟。每场演出结束后，他都会留下来与观众交流梆子唱腔特点，并现场教唱一小段。他表示，剧团没有固定拨款，靠红白喜事和社区请戏维持，但只要有人听，他就一直唱下去。这次新排大戏，就是想让山东梆子再立一台柱子戏。,editor1,published,2025 年 6 月 26 日，刘长顺带领民间剧团新排山东梆子历史剧目《烽火鲁西南》，在济南多个社区开展公益巡回演出，刘长顺亲自主演，每场演出后与观众交流并现场教唱，推广山东梆子艺术。,2025/6/26,2026/6/7 17:00,2026/6/7 17:32
43,西安马喜成秦腔脸谱手绘文创产品开发,6 月 27 日，马喜成与西安文创公司正式签约，开发秦腔脸谱系列文创产品，包括手绘书签、脸谱摆件、冰箱贴、T 恤印花等。所有产品以马喜成手绘脸谱原稿为蓝本，保留秦腔脸谱粗犷豪放的西部风格。首批产品已在西安回民街、大唐不夜城等景区上架，成为游客热捧的伴手礼。马喜成表示，秦腔脸谱不只是演员画的油彩，它背后是红忠白奸黑耿直的老规矩。做文创不丢人，但要让人看懂这个规矩。,editor1,published,2025 年 6 月 27 日，马喜成与西安文创公司签约开发秦腔脸谱系列文创产品，所有产品以其手绘脸谱原稿为蓝本，首批产品已在西安各大景区上架，成为热门旅游伴手礼。,2025/6/27,2026/6/7 17:00,2026/6/7 17:32
44,安庆陈桂英黄梅戏天仙配校园巡回演出,6 月 28 日，陈桂英带领黄梅戏学堂学员，走进皖西南 20 所中小学，巡回演出经典剧目《天仙配》选段。每场演出前，陈桂英都会用十分钟讲解黄梅戏唱腔特点与七仙女的故事背景。演出中她亲自担纲七仙女一角，嗓音甜润婉转，身段优美动人。不少学生是第一次现场看黄梅戏，结束后纷纷围住陈桂英学唱 “树上的鸟儿成双对”。陈桂英表示，黄梅戏不能只留在剧场的红绒幕布后面，要送到学校操场上去，让娃娃们从小听、跟着唱。,editor1,published,2025 年 6 月 28 日，陈桂英带领黄梅戏学堂学员走进皖西南 20 所中小学，巡回演出《天仙配》选段，每场演出前讲解黄梅戏相关知识，演出后教学生学唱经典唱段，推广黄梅戏艺术。,2025/6/28,2026/6/7 17:00,2026/6/7 17:32
45,东莞林水生端午龙舟建造完工试水珠江,6 月 29 日，林水生手工打造的十艘标准竞赛龙舟全部完工，并在珠江支流水域成功试水。这批龙舟采用整根坤甸木做龙骨，船身狭长如叶，不施铁钉，全靠榫卯与藤扎固定。试水当天，每条龙舟配 22 名桡手，划桨整齐划一，船速极快。龙舟将分别交付珠三角各地端午龙舟赛使用。林水生站在岸边看着新龙舟劈波斩浪，眼含热泪。他说，东莞龙舟不但是比赛，更是乡情。只要有人订，他就会一直造下去。,editor1,published,2025 年 6 月 29 日，林水生手工打造的十艘标准竞赛龙舟全部完工，在珠江支流水域成功试水，这批龙舟采用整根坤甸木做龙骨，全靠榫卯与藤扎固定，将交付珠三角各地端午龙舟赛使用。,2025/6/29,2026/6/7 17:00,2026/6/7 17:32
46,苏州苏桂珍苏式月饼古法技艺入选苏州市级非遗,6 月 30 日，苏桂珍酥皮月饼古法制作工艺正式入选苏州市级非物质文化遗产代表性项目。该工艺以水油皮包油酥心、反复折叠擀卷形成数十层面皮为特色，烘烤后一碰即落、入口即化。苏桂珍本人同时被认定为该项目代表性传承人。她供职的江南老字号糕点企业随即宣布，今年中秋月饼全线启用苏桂珍古法配方生产。苏桂珍表示，入选非遗不是终点，是要让人记住苏式月饼和广式月饼不一样，酥皮会掉渣，那才是老苏州的味道。,editor1,published,2025 年 6 月 30 日，苏桂珍酥皮月饼古法制作工艺正式入选苏州市级非遗代表性项目，苏桂珍被认定为项目代表性传承人，其供职的老字号企业宣布今年中秋月饼全线启用该古法配方生产。,2025/6/30,2026/6/7 17:00,2026/6/7 17:32
47,杭州郑春兰清明青团民俗工艺城市推广,7 月 1 日，郑春兰受邀在杭州多家大型商超开设清明青团现场制作体验区，虽然清明已过，但民俗推广活动依然火热。她现场演示从艾草焯水、舂捣、揉面、包馅到蒸制的全过程，并邀请顾客亲手捏一个青团。许多年轻家长带着孩子围在工作台前，第一次知道青团的绿色来自艾草而不是色素。郑春兰表示，青团不光是清明吃的点心，也是江南人跟自然节气的对话。她希望通过商超这个窗口，让更多城里人重新认识寒食点心的老传统。,editor1,published,2025 年 7 月 1 日，郑春兰受邀在杭州多家大型商超开设清明青团现场制作体验区，现场演示青团制作全流程，邀请顾客亲手体验，向城市居民推广清明青团民俗工艺与传统寒食文化。,2025/7/1,2026/6/7 17:00,2026/6/7 17:32
48,福安蓝秀凤畲医畲药山区公益义诊周,7 月 2 日起，蓝秀凤在福建宁德山区开展为期一周的免费畲医畲药义诊活动。她每天背着药筐走村入户，为留守老人、儿童看诊，主要处理风湿骨痛、疔疮疖肿、胃肠不适等山区常见病。她使用的药物多为自采自制的干草药，成本低但疗效确凿。义诊之余，她同步采集本土草药、整理畲族民间验方，记录下主治功效与用法。蓝秀凤表示，畲医没有执照，但有效就是硬道理。她希望这一周义诊不只是看病，更是把畲药这张单方留在纸上。,editor1,published,2025 年 7 月 2 日起，蓝秀凤在福建宁德山区开展为期一周的免费畲医畲药义诊活动，每天走村入户为留守老人、儿童看诊，同步采集本土草药、整理畲族民间验方，抢救畲医药文化遗产。,2025/7/2,2026/6/7 17:00,2026/6/7 17:32
49,洛阳郭福来唐三彩仿古作品亮相河南博物院,7 月 3 日，郭福来仿古唐三彩系列作品正式入驻河南博物院临时展厅，包括三彩马、骆驼、仕女俑、天王俑等典型器型。每件作品均严格按照唐代低温铅釉配方与窑烧工艺制作，釉色自然流淌、交融斑驳，达到 “入窑一色、出窑万彩” 的古韵。郭福来在展厅现场开展科普讲解，向观众介绍唐三彩胎土、釉料与烧制温度的关系。他表示，仿古不是造假，是用古人的规矩做给今天的人看。博物院认可他的作品，说明唐代釉烧的手艺没有断。,editor1,published,2025 年 7 月 3 日，郭福来仿古唐三彩系列作品正式入驻河南博物院临时展厅，作品严格遵循唐代工艺制作，呈现典型的唐代唐三彩古韵，郭福来在展厅现场开展科普讲解，推广唐三彩文化。,2025/7/3,2026/6/7 17:00,2026/6/7 17:32
50,五指山黎小花黎族树皮布非遗进海南景区,7 月 4 日，黎小花在海南五指山风景区内正式设立树皮布体验工坊。游客可在工坊内亲手体验从剥树皮、浸泡、反复捶打到晾干的全过程，了解黎族先民 “无纺成衣” 的原始纺织技艺。黎小花现场演示用木槌捶打榕树皮，将粗糙的树皮逐渐捶打成柔韧可缝的树皮布。她表示，树皮布是黎族的根，六千年传下来的手艺不能在景区里摆拍。体验工坊不设门票，只收材料费，希望能让更多人捶上一槌。,editor1,published,2025 年 7 月 4 日，黎小花在海南五指山风景区设立树皮布体验工坊，游客可亲手体验树皮布制作全流程，了解黎族原始纺织技艺，工坊不设门票，仅收取材料费，向游客推广黎族树皮布非遗文化。,2025/7/4,2026/6/7 17:00,2026/6/7 17:32
51,荣昌吴守业夏布新品开发棉麻混纺非遗面料,7 月 5 日，吴守业正式发布棉麻混纺新型夏布面料。该新品在传统纯苎麻夏布的基础上，按比例混入长绒棉纱，既保留了夏布透气凉爽、吸湿快干的特性，又改善了纯麻扎人、易皱的缺点。新品已对接国内多家服饰品牌，实现批量面料采购，首批订单超过五千米。吴守业表示，夏布要活下去，不能只做老粗布，也得进时装店。他希望通过混纺这条路，让夏布从非遗仓库走进现代衣柜。,editor1,published,2025 年 7 月 5 日，吴守业正式发布棉麻混纺新型夏布面料，新品既保留了传统夏布的优良特性，又改善了纯麻面料的缺点，已对接国内多家服饰品牌，首批订单超五千米。,2025/7/5,2026/6/7 17:00,2026/6/7 17:32
52,东阿赵守义阿胶古法熬制入选山东养生非遗,7 月 6 日，赵守义古法阿胶熬制工艺正式入选山东省级养生类非物质文化遗产代表性项目。该工艺坚持使用整张黑驴皮，以铜锅银铲、桑木文火慢熬九天九夜，不加速、不勾兑。赵守义同时被认定为该项目代表性传承人。位于东阿的阿胶文化博览馆随即宣布常态化对外开放，游客可现场观看熬胶过程并参与切胶、晾胶体验。赵守义表示，阿胶不是快消品，古法熬胶不是做样子，是拿火候和良心换出来的。,editor1,published,2025 年 7 月 6 日，赵守义古法阿胶熬制工艺正式入选山东省级养生类非遗代表性项目，赵守义被认定为项目代表性传承人，东阿阿胶文化博览馆同步宣布常态化对外开放，游客可现场体验阿胶制作过程。,2025/7/6,2026/6/7 17:00,2026/6/7 17:32
53,福安雷凤仙畲族凤凰装刺绣定制民俗礼服,7 月 7 日，雷凤仙正式承接多地畲族婚嫁凤凰装定制业务。她以黑色或青色土布为底，在衣领、衣襟、袖口、围裙等处刺绣凤凰、蝴蝶、花卉等传统纹样，针法包括平绣、锁绣、打籽绣，立体饱满。每套凤凰装纯手工绣制，从设计到完成需要三到五个月。雷凤仙表示，凤凰装是畲族新娘一辈子的骄傲，不能简化、不能偷工。她坚持保留原生纹样与配色，不迎合商业化快单。只要新娘穿上她绣的凤凰装，这门手艺就会代代相传。,editor1,published,2025 年 7 月 7 日，雷凤仙正式承接多地畲族婚嫁凤凰装定制业务，每套凤凰装纯手工绣制，坚持保留传统原生纹样与配色，不迎合商业化快单，致力于畲族凤凰装刺绣技艺的传承。,2025/7/7,2026/6/7 17:00,2026/6/7 17:32
54,全国非遗数字化采集项目全面落地各省区县,7 月 8 日，全国文旅系统非遗数字化保护项目宣布全面落地各省市县。该项目由中央财政专项资金支持，涵盖传承人访谈录音、传统技艺实拍、民俗活动全程录制、口述史采集等内容。各省非遗保护中心陆续组织专业团队，深入到县、乡、村一级，对国家级、省级及市县级非遗项目进行系统化数字化建档。所有数据经过加密与标准化处理，上传至全国非遗云端数据库，实现线上永久查阅与共享。该项目的全面落地，标志着中国非遗保护正式从纸质档案时代迈入大数据存储与活态传播的新阶段。未来，即便是偏居深山、口传心授的濒危非遗项目，也将拥有永不褪色的数字档案。,editor1,published,2025 年 7 月 8 日，全国文旅系统非遗数字化保护项目宣布全面落地各省市县，项目由中央财政专项资金支持，涵盖非遗全维度内容采集，所有数据上传至全国非遗云端数据库，标志着中国非遗保护迈入大数据存储与活态传播新阶段。,2025/7/8,2026/6/7 17:00,2026/6/7 17:32
